country,year,fscarea
abw,2000,0.0
abw,2005,0.0
abw,2010,0.0
afg,2000,0.0
afg,2005,0.0
afg,2010,0.0
ago,2000,0.0
ago,2005,0.0
ago,2010,0.0
aia,2000,0.0
aia,2005,0.0
aia,2010,0.0
alb,2000,0.0
alb,2005,0.0
alb,2010,0.0
and,2000,0.0
and,2005,0.0
and,2010,0.0
ant,2000,0.0
ant,2005,0.0
ant,2010,0.0
are,2000,0.0
are,2005,0.0
are,2010,0.0
arg,2000,0.0
arg,2005,77.92
arg,2010,449.84
arm,2000,0.0
arm,2005,0.0
arm,2010,0.0
asm,2000,0.0
asm,2005,0.0
asm,2010,0.0
atg,2000,0.0
atg,2005,0.0
atg,2010,0.0
aus,2000,0.0
aus,2005,511.14
aus,2010,602.73
aut,2000,0.0
aut,2005,7.77
aut,2010,4.8
aze,2000,0.0
aze,2005,0.0
aze,2010,0.0
bdi,2000,0.0
bdi,2005,0.0
bdi,2010,0.0
bel,2000,0.0
bel,2005,6.17
bel,2010,14.69
ben,2000,0.0
ben,2005,0.0
ben,2010,0.0
bfa,2000,0.0
bfa,2005,0.0
bfa,2010,0.0
bgd,2000,0.0
bgd,2005,0.0
bgd,2010,0.0
bgr,2000,0.0
bgr,2005,0.0
bgr,2010,303.58
bhr,2000,0.0
bhr,2005,0.0
bhr,2010,0.0
bhs,2000,0.0
bhs,2005,0.0
bhs,2010,0.0
bih,2000,0.0
bih,2005,0.0
bih,2010,108.69
blm,2000,0.0
blm,2005,0.0
blm,2010,0.0
blr,2000,0.0
blr,2005,107.2
blr,2010,4080.0
blz,2000,0.0
blz,2005,104.89
blz,2010,104.89
bmu,2000,0.0
bmu,2005,0.0
bmu,2010,0.0
bol,2000,0.0
bol,2005,1160.79
bol,2010,1744.09
bra,2000,638.41
bra,2005,3119.28
bra,2010,5169.33
brb,2000,0.0
brb,2005,0.0
brb,2010,0.0
brn,2000,0.0
brn,2005,0.0
brn,2010,0.0
btn,2000,0.0
btn,2005,0.0
btn,2010,0.0
bwa,2000,0.0
bwa,2005,0.0
bwa,2010,0.0
caf,2000,0.0
caf,2005,0.0
caf,2010,0.0
can,2000,30.0
can,2005,15231.12
can,2010,40600.81
che,2000,0.0
che,2005,652.0790000000001
che,2010,651.331
chl,2000,0.0
chl,2005,0.0
chl,2010,402.09
chn,2000,0.0
chn,2005,0.0
chn,2010,0.0
civ,2000,0.0
civ,2005,0.0
civ,2010,0.0
cmr,2000,0.0
cmr,2005,0.0
cmr,2010,705.06
cod,2000,0.0
cod,2005,0.0
cod,2010,0.0
cog,2000,0.0
cog,2005,0.0
cog,2010,1907.84
cok,2000,0.0
cok,2005,0.0
cok,2010,0.0
col,2000,0.0
col,2005,0.0
col,2010,0.0
com,2000,0.0
com,2005,0.0
com,2010,0.0
cpv,2000,0.0
cpv,2005,0.0
cpv,2010,0.0
cri,2000,0.0
cri,2005,74.97
cri,2010,56.24
cub,2000,0.0
cub,2005,0.0
cub,2010,0.0
cym,2000,0.0
cym,2005,0.0
cym,2010,0.0
cyp,2000,0.0
cyp,2005,0.0
cyp,2010,0.0
cze,2000,11.34
cze,2005,26.17
cze,2010,40.71
deu,2000,0.0
deu,2005,562.17
deu,2010,374.4
dji,2000,0.0
dji,2005,0.0
dji,2010,0.0
dma,2000,0.0
dma,2005,0.0
dma,2010,0.0
dnk,2000,0.0
dnk,2005,0.0
dnk,2010,192.0
dom,2000,0.0
dom,2005,0.0
dom,2010,0.0
dza,2000,0.0
dza,2005,0.0
dza,2010,0.0
ecu,2000,0.0
ecu,2005,26.53
ecu,2010,41.22
egy,2000,0.0
egy,2005,0.0
egy,2010,0.0
eri,2000,0.0
eri,2005,0.0
eri,2010,0.0
esh,2000,0.0
esh,2005,0.0
esh,2010,0.0
esp,2000,0.0
esp,2005,103.95
esp,2010,140.24
est,2000,0.0
est,2005,1083.05
est,2010,1081.96
eth,2000,0.0
eth,2005,0.0
eth,2010,0.0
fin,2000,0.0
fin,2005,0.09
fin,2010,9.71
fji,2000,0.0
fji,2005,0.0
fji,2010,0.0
flk,2000,0.0
flk,2005,0.0
flk,2010,0.0
fra,2000,1.1
fra,2005,17.6
fra,2010,16.9
fro,2000,0.0
fro,2005,0.0
fro,2010,0.0
fsm,2000,0.0
fsm,2005,0.0
fsm,2010,0.0
gab,2000,0.0
gab,2005,0.0
gab,2010,1873.51
gbr,2000,0.0
gbr,2005,1257.1
gbr,2010,1347.3
geo,2000,0.0
geo,2005,0.0
geo,2010,0.0
ggy,2000,0.0
ggy,2005,0.0
ggy,2010,0.0
gha,2000,0.0
gha,2005,0.0
gha,2010,1.78
gib,2000,0.0
gib,2005,0.0
gib,2010,0.0
gin,2000,0.0
gin,2005,0.0
gin,2010,0.0
glp,2000,0.0
glp,2005,0.0
glp,2010,0.0
gmb,2000,0.0
gmb,2005,0.0
gmb,2010,0.0
gnb,2000,0.0
gnb,2005,0.0
gnb,2010,0.0
gnq,2000,0.0
gnq,2005,0.0
gnq,2010,0.0
grc,2000,0.0
grc,2005,36.63
grc,2010,0.0
grd,2000,0.0
grd,2005,0.0
grd,2010,0.0
grl,2000,0.0
grl,2005,0.0
grl,2010,0.0
gtm,2000,0.0
gtm,2005,508.63
gtm,2010,248.43
guf,2000,0.0
guf,2005,0.0
guf,2010,0.0
gum,2000,0.0
gum,2005,0.0
gum,2010,0.0
guy,2000,0.0
guy,2005,0.0
guy,2010,371.68
hnd,2000,0.0
hnd,2005,24.58
hnd,2010,50.54
hrv,2000,0.0
hrv,2005,1323.0
hrv,2010,1321.0
hti,2000,0.0
hti,2005,0.0
hti,2010,0.0
hun,2000,0.0
hun,2005,134.5
hun,2010,251.9
idn,2000,0.0
idn,2005,92.3
idn,2010,1378.3
imn,2000,0.0
imn,2005,0.0
imn,2010,0.0
ind,2000,0.0
ind,2005,0.0
ind,2010,0.68
irl,2000,397.0
irl,2005,397.0
irl,2010,399.0
irn,2000,0.0
irn,2005,0.0
irn,2010,0.0
irq,2000,0.0
irq,2005,0.0
irq,2010,0.0
isl,2000,0.0
isl,2005,0.0
isl,2010,0.0
isr,2000,0.0
isr,2005,0.0
isr,2010,0.0
ita,2000,0.0
ita,2005,15.845
ita,2010,66.52
jam,2000,0.0
jam,2005,0.0
jam,2010,0.0
jey,2000,0.0
jey,2005,0.0
jey,2010,0.0
jor,2000,0.0
jor,2005,0.0
jor,2010,0.0
jpn,2000,12.44
jpn,2005,269.96
jpn,2010,369.58
kaz,2000,0.0
kaz,2005,0.0
kaz,2010,0.0
ken,2000,0.0
ken,2005,2.63
ken,2010,0.19
kgz,2000,0.0
kgz,2005,0.0
kgz,2010,0.0
khm,2000,0.0
khm,2005,0.0
khm,2010,0.0
kir,2000,0.0
kir,2005,0.0
kir,2010,0.0
kna,2000,0.0
kna,2005,0.0
kna,2010,0.0
kor,2000,0.0
kor,2005,0.0
kor,2010,220.53
kwt,2000,0.0
kwt,2005,0.0
kwt,2010,0.0
lao,2000,0.0
lao,2005,0.0
lao,2010,81.62
lbn,2000,0.0
lbn,2005,0.0
lbn,2010,0.0
lbr,2000,0.0
lbr,2005,0.0
lbr,2010,0.0
lby,2000,0.0
lby,2005,0.0
lby,2010,0.0
lca,2000,0.0
lca,2005,0.0
lca,2010,0.0
lie,2000,0.0
lie,2005,7.37
lie,2010,0.0
lka,2000,0.0
lka,2005,17.8
lka,2010,23.17
lso,2000,0.0
lso,2005,0.0
lso,2010,0.0
ltu,2000,0.0
ltu,2005,1005.53
ltu,2010,1033.2
lux,2000,0.0
lux,2005,0.0
lux,2010,18.84
lva,2000,0.0
lva,2005,1686.2
lva,2010,1622.59
maf,2000,0.0
maf,2005,0.0
maf,2010,0.0
mar,2000,0.0
mar,2005,0.0
mar,2010,0.0
mco,2000,0.0
mco,2005,0.0
mco,2010,0.0
mda,2000,0.0
mda,2005,0.0
mda,2010,0.0
mdg,2000,0.0
mdg,2005,0.0
mdg,2010,1.0
mdv,2000,0.0
mdv,2005,0.0
mdv,2010,0.0
mex,2000,0.0
mex,2005,823.46
mex,2010,867.07
mhl,2000,0.0
mhl,2005,0.0
mhl,2010,0.0
mkd,2000,0.0
mkd,2005,0.0
mkd,2010,0.0
mli,2000,0.0
mli,2005,0.0
mli,2010,0.0
mlt,2000,0.0
mlt,2005,0.0
mlt,2010,0.0
mmr,2000,0.0
mmr,2005,0.0
mmr,2010,0.0
mne,2000,0.0
mne,2005,0.0
mne,2010,0.0
mng,2000,0.0
mng,2005,0.0
mng,2010,0.0
mnp,2000,0.0
mnp,2005,0.0
mnp,2010,0.0
moz,2000,0.0
moz,2005,0.0
moz,2010,71.0
mrt,2000,0.0
mrt,2005,0.0
mrt,2010,0.0
msr,2000,0.0
msr,2005,0.0
msr,2010,0.0
mtq,2000,0.0
mtq,2005,0.0
mtq,2010,0.0
mus,2000,0.0
mus,2005,0.0
mus,2010,0.0
mwi,2000,0.0
mwi,2005,0.0
mwi,2010,0.0
mys,2000,73.3
mys,2005,73.3
mys,2010,173.04
myt,2000,0.0
myt,2005,0.0
myt,2010,0.0
nam,2000,0.0
nam,2005,292.16
nam,2010,277.32
ncl,2000,0.0
ncl,2005,0.0
ncl,2010,0.0
ner,2000,0.0
ner,2005,0.0
ner,2010,0.0
nfk,2000,0.0
nfk,2005,0.0
nfk,2010,0.0
nga,2000,0.0
nga,2005,0.0
nga,2010,0.0
nic,2000,0.0
nic,2005,42.46
nic,2010,94.74
niu,2000,0.0
niu,2005,0.0
niu,2010,0.0
nld,2000,0.0
nld,2005,99.03
nld,2010,152.08
nor,2000,0.0
nor,2005,5.1
nor,2010,29.68
npl,2000,0.0
npl,2005,14.15
npl,2010,14.15
nru,2000,0.0
nru,2005,0.0
nru,2010,0.0
nzl,2000,19.7
nzl,2005,902.11
nzl,2010,1071.84
omn,2000,0.0
omn,2005,0.0
omn,2010,0.0
pak,2000,0.0
pak,2005,0.0
pak,2010,0.0
pan,2000,0.0
pan,2005,1.87
pan,2010,13.56
pcn,2000,0.0
pcn,2005,0.0
pcn,2010,0.0
per,2000,0.0
per,2005,61.33
per,2010,400.06800000000004
phl,2000,0.0
phl,2005,0.0
phl,2010,0.0
plw,2000,0.0
plw,2005,0.0
plw,2010,0.0
png,2000,0.0
png,2005,27.35
png,2010,22.63
pol,2000,0.0
pol,2005,6977.56
pol,2010,6387.11
pri,2000,0.0
pri,2005,0.0
pri,2010,0.0
prk,2000,0.0
prk,2005,0.0
prk,2010,0.0
prt,2000,0.0
prt,2005,51.3
prt,2010,433.9
pry,2000,0.0
pry,2005,2.7
pry,2010,13.25
pse,2000,0.0
pse,2005,0.0
pse,2010,0.0
pyf,2000,0.0
pyf,2005,0.0
pyf,2010,0.0
qat,2000,0.0
qat,2005,0.0
qat,2010,0.0
reu,2000,0.0
reu,2005,0.0
reu,2010,0.0
rou,2000,0.0
rou,2005,48.9
rou,2010,914.68
rus,2000,0.0
rus,2005,4915.99
rus,2010,26525.85
rwa,2000,0.0
rwa,2005,0.0
rwa,2010,0.0
sau,2000,0.0
sau,2005,0.0
sau,2010,0.0
sdn,2000,0.0
sdn,2005,0.0
sdn,2010,0.0
sen,2000,0.0
sen,2005,0.0
sen,2010,0.0
sgp,2000,0.0
sgp,2005,0.0
sgp,2010,0.0
shn,2000,0.0
shn,2005,0.0
shn,2010,0.0
sjm,2000,0.0
sjm,2005,0.0
sjm,2010,0.0
slb,2000,0.0
slb,2005,39.4
slb,2010,0.0
sle,2000,0.0
sle,2005,0.0
sle,2010,0.0
slv,2000,0.0
slv,2005,0.0
slv,2010,0.0
smr,2000,0.0
smr,2005,0.0
smr,2010,0.0
som,2000,0.0
som,2005,0.0
som,2010,0.0
spm,2000,0.0
spm,2005,0.0
spm,2010,0.0
srb,2000,0.0
srb,2005,0.0
srb,2010,372.0
ssd,2000,0.0
ssd,2005,0.0
ssd,2010,0.0
stp,2000,0.0
stp,2005,0.0
stp,2010,0.0
sur,2000,0.0
sur,2005,0.0
sur,2010,89.12
svk,2000,0.0
svk,2005,115.0
svk,2010,140.0
svn,2000,0.0
svn,2005,0.0
svn,2010,257.0
swe,2000,0.0
swe,2005,9652.3
swe,2010,10970.52
swz,2000,17.0
swz,2005,17.0
swz,2010,114.0
syc,2000,0.0
syc,2005,0.0
syc,2010,0.0
syr,2000,0.0
syr,2005,0.0
syr,2010,0.0
tca,2000,0.0
tca,2005,0.0
tca,2010,0.0
tcd,2000,0.0
tcd,2005,0.0
tcd,2010,0.0
tgo,2000,0.0
tgo,2005,0.0
tgo,2010,0.0
tha,2000,0.0
tha,2005,2.94
tha,2010,19.0
tjk,2000,0.0
tjk,2005,0.0
tjk,2010,0.0
tkl,2000,0.0
tkl,2005,0.0
tkl,2010,0.0
tkm,2000,0.0
tkm,2005,0.0
tkm,2010,0.0
tls,2000,0.0
tls,2005,0.0
tls,2010,0.0
ton,2000,0.0
ton,2005,0.0
ton,2010,0.0
tto,2000,0.0
tun,2000,0.0
tun,2005,0.0
tun,2010,0.0
tur,2000,0.0
tur,2005,0.0
tur,2010,0.0
tuv,2000,0.0
tuv,2005,0.0
tuv,2010,0.0
tza,2000,0.0
tza,2005,0.0
tza,2010,20.8
uga,2000,0.0
uga,2005,191.6
uga,2010,101.27
ukr,2000,0.0
ukr,2005,143.1
ukr,2010,1262.5
ury,2000,0.0
ury,2005,132.52
ury,2010,2609.86
usa,2000,0.0
usa,2005,7359.0
usa,2010,13105.0
uzb,2000,0.0
uzb,2005,0.0
uzb,2010,0.0
vat,2000,0.0
vat,2005,0.0
vat,2010,0.0
vct,2000,0.0
vct,2005,0.0
vct,2010,0.0
ven,2000,0.0
ven,2005,139.65
ven,2010,139.65
vgb,2000,0.0
vgb,2005,0.0
vgb,2010,0.0
vir,2000,0.0
vir,2005,0.0
vir,2010,0.0
vnm,2000,0.0
vnm,2005,0.0
vnm,2010,9.78
vut,2000,0.0
vut,2005,0.0
vut,2010,0.0
wlf,2000,0.0
wlf,2005,0.0
wlf,2010,0.0
wsm,2000,0.0
wsm,2005,0.0
wsm,2010,0.0
yem,2000,0.0
yem,2005,0.0
yem,2010,0.0
zaf,2000,1006.5
zaf,2005,1720.73
zaf,2010,2151.65
zmb,2000,0.0
zmb,2005,0.0
zmb,2010,0.0
zwe,2000,0.0
zwe,2005,104.04
zwe,2010,0.0
abw,2001,0.0
abw,2002,0.0
abw,2003,0.0
abw,2004,0.0
abw,2006,0.0
abw,2007,0.0
abw,2008,0.0
abw,2009,0.0
abw,2011,0.0
abw,2012,0.0
afg,2001,0.0
afg,2002,0.0
afg,2003,0.0
afg,2004,0.0
afg,2006,0.0
afg,2007,0.0
afg,2008,0.0
afg,2009,0.0
afg,2011,0.0
afg,2012,0.0
ago,2001,0.0
ago,2002,0.0
ago,2003,0.0
ago,2004,0.0
ago,2006,0.0
ago,2007,0.0
ago,2008,0.0
ago,2009,0.0
ago,2011,0.0
ago,2012,0.0
aia,2001,0.0
aia,2002,0.0
aia,2003,0.0
aia,2004,0.0
aia,2006,0.0
aia,2007,0.0
aia,2008,0.0
aia,2009,0.0
aia,2011,0.0
aia,2012,0.0
alb,2001,0.0
alb,2002,0.0
alb,2003,0.0
alb,2004,0.0
alb,2006,0.0
alb,2007,0.0
alb,2008,0.0
alb,2009,0.0
alb,2011,0.0
alb,2012,0.0
and,2001,0.0
and,2002,0.0
and,2003,0.0
and,2004,0.0
and,2006,0.0
and,2007,0.0
and,2008,0.0
and,2009,0.0
and,2011,0.0
and,2012,0.0
ant,2001,0.0
ant,2002,0.0
ant,2003,0.0
ant,2004,0.0
ant,2006,0.0
ant,2007,0.0
ant,2008,0.0
ant,2009,0.0
ant,2011,0.0
ant,2012,0.0
are,2001,0.0
are,2002,0.0
are,2003,0.0
are,2004,0.0
are,2006,0.0
are,2007,0.0
are,2008,0.0
are,2009,0.0
are,2011,0.0
are,2012,0.0
arg,2001,0.0
arg,2002,33.82
arg,2003,53.01
arg,2004,77.58
arg,2006,77.92
arg,2007,222.64
arg,2008,207.96
arg,2009,310.58
arg,2011,525.9
arg,2012,254.68
arg,2013,262.221
arg,2014,276.368
arm,2001,0.0
arm,2002,0.0
arm,2003,0.0
arm,2004,0.0
arm,2006,0.0
arm,2007,0.0
arm,2008,0.0
arm,2009,0.0
arm,2011,0.0
arm,2012,0.0
asm,2001,0.0
asm,2002,0.0
asm,2003,0.0
asm,2004,0.0
asm,2006,0.0
asm,2007,0.0
asm,2008,0.0
asm,2009,0.0
asm,2011,0.0
asm,2012,0.0
atg,2001,0.0
atg,2002,0.0
atg,2003,0.0
atg,2004,0.0
atg,2006,0.0
atg,2007,0.0
atg,2008,0.0
atg,2009,0.0
atg,2011,0.0
atg,2012,0.0
aus,2001,0.0
aus,2002,0.0
aus,2003,0.0
aus,2004,394.77
aus,2006,511.08
aus,2007,550.39
aus,2008,529.08
aus,2009,532.39
aus,2011,818.78
aus,2012,972.05
aus,2013,914.653
aus,2014,1080.92
aut,2001,0.0
aut,2002,6.8
aut,2003,7.48
aut,2004,7.48
aut,2006,5.14
aut,2007,4.97
aut,2008,4.29
aut,2009,5.09
aut,2011,0.41
aut,2012,0.43
aut,2013,0.57
aut,2014,0.575
aze,2001,0.0
aze,2002,0.0
aze,2003,0.0
aze,2004,0.0
aze,2006,0.0
aze,2007,0.0
aze,2008,0.0
aze,2009,0.0
aze,2011,0.0
aze,2012,0.0
bdi,2001,0.0
bdi,2002,0.0
bdi,2003,0.0
bdi,2004,0.0
bdi,2006,0.0
bdi,2007,0.0
bdi,2008,0.0
bdi,2009,0.0
bdi,2011,0.0
bdi,2012,0.0
bel,2001,0.0
bel,2002,4.51
bel,2003,4.51
bel,2004,6.17
bel,2006,6.17
bel,2007,11.29
bel,2008,9.67
bel,2009,16.81
bel,2011,16.84
bel,2012,19.61
bel,2013,21.016
bel,2014,21.155
ben,2001,0.0
ben,2002,0.0
ben,2003,0.0
ben,2004,0.0
ben,2006,0.0
ben,2007,0.0
ben,2008,0.0
ben,2009,0.0
ben,2011,0.0
ben,2012,0.0
bfa,2001,0.0
bfa,2002,0.0
bfa,2003,0.0
bfa,2004,0.0
bfa,2006,0.0
bfa,2007,0.0
bfa,2008,0.0
bfa,2009,0.0
bfa,2011,0.0
bfa,2012,0.0
bgd,2001,0.0
bgd,2002,0.0
bgd,2003,0.0
bgd,2004,0.0
bgd,2006,0.0
bgd,2007,0.0
bgd,2008,0.0
bgd,2009,0.0
bgd,2011,0.0
bgd,2012,0.0
bgr,2001,0.0
bgr,2002,0.0
bgr,2003,0.0
bgr,2004,0.0
bgr,2006,20.2
bgr,2007,21.61
bgr,2008,106.2
bgr,2009,104.36
bgr,2011,217.55
bgr,2012,218.39
bgr,2013,193.84400000000002
bgr,2014,637.129
bhr,2001,0.0
bhr,2002,0.0
bhr,2003,0.0
bhr,2004,0.0
bhr,2006,0.0
bhr,2007,0.0
bhr,2008,0.0
bhr,2009,0.0
bhr,2011,0.0
bhr,2012,0.0
bhs,2001,0.0
bhs,2002,0.0
bhs,2003,0.0
bhs,2004,0.0
bhs,2006,0.0
bhs,2007,0.0
bhs,2008,0.0
bhs,2009,0.0
bhs,2011,0.0
bhs,2012,0.0
bih,2001,0.0
bih,2002,0.0
bih,2003,0.0
bih,2004,0.0
bih,2006,0.0
bih,2007,62.23
bih,2008,170.93
bih,2009,123.24
bih,2011,988.28
bih,2012,1005.53
bih,2013,1289.151
bih,2014,1519.235
blm,2001,0.0
blm,2002,0.0
blm,2003,0.0
blm,2004,0.0
blm,2006,0.0
blm,2007,0.0
blm,2008,0.0
blm,2009,0.0
blm,2011,0.0
blm,2012,0.0
blr,2001,0.0
blr,2002,0.0
blr,2003,107.2
blr,2004,107.2
blr,2006,107.2
blr,2007,2516.5
blr,2008,2516.5
blr,2009,3644.6
blr,2011,3795.4
blr,2012,5970.4
blr,2013,5735.508000000001
blr,2014,4901.274
blz,2001,0.0
blz,2002,104.89
blz,2003,104.89
blz,2004,104.89
blz,2006,104.89
blz,2007,104.89
blz,2008,104.89
blz,2009,104.89
blz,2011,169.93
blz,2012,169.93
blz,2013,169.93200000000002
blz,2014,65.044
bmu,2001,0.0
bmu,2002,0.0
bmu,2003,0.0
bmu,2004,0.0
bmu,2006,0.0
bmu,2007,0.0
bmu,2008,0.0
bmu,2009,0.0
bmu,2011,0.0
bmu,2012,0.0
bol,2001,0.0
bol,2002,580.73
bol,2003,761.63
bol,2004,953.08
bol,2006,1464.13
bol,2007,1869.78
bol,2008,1825.41
bol,2009,1774.0
bol,2011,1335.42
bol,2012,1272.89
bol,2013,907.8969999999999
bol,2014,890.628
bra,2001,940.09
bra,2002,1240.68
bra,2003,1336.83
bra,2004,1615.27
bra,2006,3281.87
bra,2007,4839.64
bra,2008,5385.81
bra,2009,5331.21
bra,2011,6382.95
bra,2012,6479.54
bra,2013,7297.616999999999
bra,2014,5645.391
brb,2001,0.0
brb,2002,0.0
brb,2003,0.0
brb,2004,0.0
brb,2006,0.0
brb,2007,0.0
brb,2008,0.0
brb,2009,0.0
brb,2011,0.0
brb,2012,0.0
brn,2001,0.0
brn,2002,0.0
brn,2003,0.0
brn,2004,0.0
brn,2006,0.0
brn,2007,0.0
brn,2008,0.0
brn,2009,0.0
brn,2011,0.0
brn,2012,0.0
btn,2001,0.0
btn,2002,0.0
btn,2003,0.0
btn,2004,0.0
btn,2006,0.0
btn,2007,0.0
btn,2008,0.0
btn,2009,0.0
btn,2011,0.0
btn,2012,0.0
bwa,2001,0.0
bwa,2002,0.0
bwa,2003,0.0
bwa,2004,0.0
bwa,2006,0.0
bwa,2007,0.0
bwa,2008,0.0
bwa,2009,0.0
bwa,2011,0.0
bwa,2012,0.0
caf,2001,0.0
caf,2002,0.0
caf,2003,0.0
caf,2004,0.0
caf,2006,0.0
caf,2007,0.0
caf,2008,0.0
caf,2009,0.0
caf,2011,0.0
caf,2012,0.0
can,2001,123.25
can,2002,1030.04
can,2003,4211.91
can,2004,4366.27
can,2006,19617.18
can,2007,24352.52
can,2008,27312.9
can,2009,32228.29
can,2011,46272.41
can,2012,54080.93
can,2013,57665.748
can,2014,55332.239
che,2001,0.0
che,2002,0.0
che,2003,0.0
che,2004,499.36800000000005
che,2006,674.1010000000001
che,2007,672.867
che,2008,667.972
che,2009,674.1360000000001
che,2011,641.616
che,2012,639.769
che,2013,623.895
che,2014,584.5319999999999
chl,2001,0.0
chl,2002,0.0
chl,2003,0.0
chl,2004,0.0
chl,2006,0.0
chl,2007,292.98
chl,2008,308.77
chl,2009,384.31
chl,2011,518.97
chl,2012,527.6
chl,2013,1125.23
chl,2014,2347.913
chn,2001,0.0
chn,2002,0.0
chn,2003,0.0
chn,2004,0.0
chn,2006,0.0
chn,2007,0.0
chn,2008,0.0
chn,2009,0.0
chn,2011,0.0
chn,2012,0.0
chn,2013,3132.638
chn,2014,3144.452
civ,2001,0.0
civ,2002,0.0
civ,2003,0.0
civ,2004,0.0
civ,2006,0.0
civ,2007,0.0
civ,2008,0.0
civ,2009,0.0
civ,2011,0.0
civ,2012,0.0
cmr,2001,0.0
cmr,2002,0.0
cmr,2003,0.0
cmr,2004,0.0
cmr,2006,97.04
cmr,2007,0.0
cmr,2008,167.46
cmr,2009,564.24
cmr,2011,1104.63
cmr,2012,639.56
cmr,2013,1013.3739999999999
cmr,2014,1013.3739999999999
cod,2001,0.0
cod,2002,0.0
cod,2003,0.0
cod,2004,0.0
cod,2006,0.0
cod,2007,0.0
cod,2008,0.0
cod,2009,0.0
cod,2011,523.34
cod,2012,0.0
cog,2001,0.0
cog,2002,0.0
cog,2003,0.0
cog,2004,0.0
cog,2006,0.0
cog,2007,296.0
cog,2008,748.2
cog,2009,1907.84
cog,2011,2431.0
cog,2012,2478.94
cog,2013,1574.31
cog,2014,1319.3
cok,2001,0.0
cok,2002,0.0
cok,2003,0.0
cok,2004,0.0
cok,2006,0.0
cok,2007,0.0
cok,2008,0.0
cok,2009,0.0
cok,2011,0.0
cok,2012,0.0
col,2001,0.0
col,2002,0.0
col,2003,0.0
col,2004,0.0
col,2006,0.0
col,2007,0.0
col,2008,0.0
col,2009,0.0
col,2011,0.0
col,2012,0.0
col,2013,113.52
col,2014,127.204
com,2001,0.0
com,2002,0.0
com,2003,0.0
com,2004,0.0
com,2006,0.0
com,2007,0.0
com,2008,0.0
com,2009,0.0
com,2011,0.0
com,2012,0.0
cpv,2001,0.0
cpv,2002,0.0
cpv,2003,0.0
cpv,2004,0.0
cpv,2006,0.0
cpv,2007,0.0
cpv,2008,0.0
cpv,2009,0.0
cpv,2011,0.0
cpv,2012,0.0
cri,2001,0.0
cri,2002,101.15
cri,2003,92.23
cri,2004,73.41
cri,2006,74.97
cri,2007,51.41
cri,2008,63.07
cri,2009,52.92
cri,2011,44.03
cri,2012,38.21
cri,2013,32.382
cri,2014,52.74
cub,2001,0.0
cub,2002,0.0
cub,2003,0.0
cub,2004,0.0
cub,2006,0.0
cub,2007,0.0
cub,2008,0.0
cub,2009,0.0
cub,2011,0.0
cub,2012,0.0
cym,2001,0.0
cym,2002,0.0
cym,2003,0.0
cym,2004,0.0
cym,2006,0.0
cym,2007,0.0
cym,2008,0.0
cym,2009,0.0
cym,2011,0.0
cym,2012,0.0
cyp,2001,0.0
cyp,2002,0.0
cyp,2003,0.0
cyp,2004,0.0
cyp,2006,0.0
cyp,2007,0.0
cyp,2008,0.0
cyp,2009,0.0
cyp,2011,0.0
cyp,2012,0.0
cze,2001,11.34
cze,2002,11.34
cze,2003,11.34
cze,2004,14.13
cze,2006,33.88
cze,2007,14.55
cze,2008,109.16
cze,2009,53.28
cze,2011,49.88
cze,2012,50.18
cze,2013,50.185
cze,2014,49.637
deu,2001,0.0
deu,2002,459.58
deu,2003,471.3
deu,2004,439.93
deu,2006,519.07
deu,2007,475.54
deu,2008,442.06
deu,2009,451.71
deu,2011,385.12
deu,2012,634.91
deu,2013,571.961
deu,2014,965.961
dji,2001,0.0
dji,2002,0.0
dji,2003,0.0
dji,2004,0.0
dji,2006,0.0
dji,2007,0.0
dji,2008,0.0
dji,2009,0.0
dji,2011,0.0
dji,2012,0.0
dma,2001,0.0
dma,2002,0.0
dma,2003,0.0
dma,2004,0.0
dma,2006,0.0
dma,2007,0.0
dma,2008,0.0
dma,2009,0.0
dma,2011,0.0
dma,2012,0.0
dnk,2001,0.0
dnk,2002,0.0
dnk,2003,0.0
dnk,2004,0.0
dnk,2006,0.0
dnk,2007,188.0
dnk,2008,190.0
dnk,2009,190.0
dnk,2011,196.0
dnk,2012,196.0
dnk,2013,198.66400000000002
dnk,2014,199.55700000000002
dom,2001,0.0
dom,2002,0.0
dom,2003,0.0
dom,2004,0.0
dom,2006,0.6
dom,2007,0.0
dom,2008,0.0
dom,2009,0.0
dom,2011,0.0
dom,2012,0.0
dza,2001,0.0
dza,2002,0.0
dza,2003,0.0
dza,2004,0.0
dza,2006,0.0
dza,2007,0.0
dza,2008,0.0
dza,2009,0.0
dza,2011,0.0
dza,2012,0.0
ecu,2001,0.0
ecu,2002,26.53
ecu,2003,26.53
ecu,2004,26.53
ecu,2006,26.53
ecu,2007,10.03
ecu,2008,32.05
ecu,2009,23.67
ecu,2011,16.69
ecu,2012,60.7
ecu,2013,53.765
ecu,2014,52.58
egy,2001,0.0
egy,2002,0.0
egy,2003,0.0
egy,2004,0.0
egy,2006,0.0
egy,2007,0.0
egy,2008,0.0
egy,2009,0.0
egy,2011,0.0
egy,2012,0.0
eri,2001,0.0
eri,2002,0.0
eri,2003,0.0
eri,2004,0.0
eri,2006,0.0
eri,2007,0.0
eri,2008,0.0
eri,2009,0.0
eri,2011,0.0
eri,2012,0.0
esh,2001,0.0
esh,2002,0.0
esh,2003,0.0
esh,2004,0.0
esh,2006,0.0
esh,2007,0.0
esh,2008,0.0
esh,2009,0.0
esh,2011,0.0
esh,2012,0.0
esp,2001,0.0
esp,2002,0.0
esp,2003,6.71
esp,2004,6.71
esp,2006,106.41
esp,2007,165.25
esp,2008,115.53
esp,2009,126.82
esp,2011,141.91
esp,2012,151.95
esp,2013,133.377
esp,2014,195.053
est,2001,0.0
est,2002,1082.6
est,2003,1082.6
est,2004,1082.6
est,2006,1083.36
est,2007,1063.91
est,2008,1083.23
est,2009,1082.92
est,2011,1086.94
est,2012,1106.5
est,2013,1141.098
est,2014,1177.048
eth,2001,0.0
eth,2002,0.0
eth,2003,0.0
eth,2004,0.0
eth,2006,0.0
eth,2007,0.0
eth,2008,0.0
eth,2009,0.0
eth,2011,0.0
eth,2012,0.0
fin,2001,0.0
fin,2002,0.09
fin,2003,0.09
fin,2004,0.09
fin,2006,9.58
fin,2007,9.49
fin,2008,9.58
fin,2009,9.58
fin,2011,0.26
fin,2012,394.99
fin,2013,431.81300000000005
fin,2014,461.786
fji,2001,0.0
fji,2002,0.0
fji,2003,0.0
fji,2004,0.0
fji,2006,0.0
fji,2007,0.0
fji,2008,0.0
fji,2009,0.0
fji,2011,0.0
fji,2012,0.0
fji,2014,85.68
flk,2001,0.0
flk,2002,0.0
flk,2003,0.0
flk,2004,0.0
flk,2006,0.0
flk,2007,0.0
flk,2008,0.0
flk,2009,0.0
flk,2011,0.0
flk,2012,0.0
fra,2001,11.9
fra,2002,17.7
fra,2003,18.7
fra,2004,17.6
fra,2006,17.6
fra,2007,16.6
fra,2008,17.7
fra,2009,20.0
fra,2011,15.9
fra,2012,17.9
fra,2013,18.899
fra,2014,23.974
fro,2001,0.0
fro,2002,0.0
fro,2003,0.0
fro,2004,0.0
fro,2006,0.0
fro,2007,0.0
fro,2008,0.0
fro,2009,0.0
fro,2011,0.0
fro,2012,0.0
fsm,2001,0.0
fsm,2002,0.0
fsm,2003,0.0
fsm,2004,0.0
fsm,2006,0.0
fsm,2007,0.0
fsm,2008,0.0
fsm,2009,0.0
fsm,2011,0.0
fsm,2012,0.0
gab,2001,0.0
gab,2002,0.0
gab,2003,0.0
gab,2004,0.0
gab,2006,0.0
gab,2007,0.0
gab,2008,0.0
gab,2009,1873.51
gab,2011,1873.51
gab,2012,1873.51
gab,2013,1873.505
gab,2014,2053.505
gbr,2001,1061.1
gbr,2002,1075.4
gbr,2003,0.0
gbr,2004,1159.9
gbr,2006,1272.5
gbr,2007,1324.9
gbr,2008,1309.7
gbr,2009,1332.0
gbr,2011,1325.1
gbr,2012,1365.0
gbr,2013,1570.692
gbr,2014,1597.464
geo,2001,0.0
geo,2002,0.0
geo,2003,0.0
geo,2004,0.0
geo,2006,0.0
geo,2007,0.0
geo,2008,0.0
geo,2009,0.0
geo,2011,0.0
geo,2012,0.0
ggy,2001,0.0
ggy,2002,0.0
ggy,2003,0.0
ggy,2004,0.0
ggy,2006,0.0
ggy,2007,0.0
ggy,2008,0.0
ggy,2009,0.0
ggy,2011,0.0
ggy,2012,0.0
gha,2001,0.0
gha,2002,0.0
gha,2003,0.0
gha,2004,0.0
gha,2006,0.0
gha,2007,0.0
gha,2008,0.0
gha,2009,150.51
gha,2011,242.42
gha,2012,1.57
gha,2013,1.675
gha,2014,1.675
gib,2001,0.0
gib,2002,0.0
gib,2003,0.0
gib,2004,0.0
gib,2006,0.0
gib,2007,0.0
gib,2008,0.0
gib,2009,0.0
gib,2011,0.0
gib,2012,0.0
gin,2001,0.0
gin,2002,0.0
gin,2003,0.0
gin,2004,0.0
gin,2006,0.0
gin,2007,0.0
gin,2008,0.0
gin,2009,0.0
gin,2011,0.0
gin,2012,0.0
glp,2001,0.0
glp,2002,0.0
glp,2003,0.0
glp,2004,0.0
glp,2006,0.0
glp,2007,0.0
glp,2008,0.0
glp,2009,0.0
glp,2011,0.0
glp,2012,0.0
gmb,2001,0.0
gmb,2002,0.0
gmb,2003,0.0
gmb,2004,0.0
gmb,2006,0.0
gmb,2007,0.0
gmb,2008,0.0
gmb,2009,0.0
gmb,2011,0.0
gmb,2012,0.0
gnb,2001,0.0
gnb,2002,0.0
gnb,2003,0.0
gnb,2004,0.0
gnb,2006,0.0
gnb,2007,0.0
gnb,2008,0.0
gnb,2009,0.0
gnb,2011,0.0
gnb,2012,0.0
gnq,2001,0.0
gnq,2002,0.0
gnq,2003,0.0
gnq,2004,0.0
gnq,2006,0.0
gnq,2007,0.0
gnq,2008,0.0
gnq,2009,0.0
gnq,2011,0.0
gnq,2012,0.0
grc,2001,0.0
grc,2002,0.0
grc,2003,0.0
grc,2004,0.0
grc,2006,36.63
grc,2007,31.53
grc,2008,31.53
grc,2009,36.63
grc,2011,0.0
grc,2012,0.0
grd,2001,0.0
grd,2002,0.0
grd,2003,0.0
grd,2004,0.0
grd,2006,0.0
grd,2007,0.0
grd,2008,0.0
grd,2009,0.0
grd,2011,0.0
grd,2012,0.0
grl,2001,0.0
grl,2002,0.0
grl,2003,0.0
grl,2004,0.0
grl,2006,0.0
grl,2007,0.0
grl,2008,0.0
grl,2009,0.0
grl,2011,0.0
grl,2012,0.0
gtm,2001,0.0
gtm,2002,165.68
gtm,2003,317.5
gtm,2004,311.24
gtm,2006,450.77
gtm,2007,509.96
gtm,2008,422.8
gtm,2009,457.63
gtm,2011,500.5
gtm,2012,496.57
gtm,2013,433.596
gtm,2014,464.875
guf,2001,0.0
guf,2002,0.0
guf,2003,0.0
guf,2004,0.0
guf,2006,0.0
guf,2007,0.0
guf,2008,0.0
guf,2009,0.0
guf,2011,0.0
guf,2012,0.0
gum,2001,0.0
gum,2002,0.0
gum,2003,0.0
gum,2004,0.0
gum,2006,0.0
gum,2007,0.0
gum,2008,0.0
gum,2009,0.0
gum,2011,0.0
gum,2012,0.0
guy,2001,0.0
guy,2002,0.0
guy,2003,0.0
guy,2004,0.0
guy,2006,570.0
guy,2007,0.0
guy,2008,371.68
guy,2009,371.68
guy,2011,371.68
guy,2012,0.0
hnd,2001,0.0
hnd,2002,22.83
hnd,2003,22.83
hnd,2004,22.83
hnd,2006,24.58
hnd,2007,49.15
hnd,2008,34.85
hnd,2009,34.85
hnd,2011,114.32
hnd,2012,152.68
hnd,2013,128.343
hnd,2014,87.755
hrv,2001,0.0
hrv,2002,1324.0
hrv,2003,1324.0
hrv,2004,1323.0
hrv,2006,1322.0
hrv,2007,1322.0
hrv,2008,1322.0
hrv,2009,1321.0
hrv,2011,1321.0
hrv,2012,1320.0
hrv,2013,2038.296
hrv,2014,2038.296
hti,2001,0.0
hti,2002,0.0
hti,2003,0.0
hti,2004,0.0
hti,2006,0.0
hti,2007,0.0
hti,2008,0.0
hti,2009,0.0
hti,2011,0.0
hti,2012,0.0
hun,2001,0.0
hun,2002,54.7
hun,2003,134.5
hun,2004,134.5
hun,2006,195.1
hun,2007,195.8
hun,2008,195.1
hun,2009,251.9
hun,2011,248.7
hun,2012,310.3
hun,2013,321.561
hun,2014,320.96299999999997
idn,2001,0.0
idn,2002,296.5
idn,2003,91.7
idn,2004,91.7
idn,2006,276.5
idn,2007,739.4
idn,2008,708.0
idn,2009,1697.3
idn,2011,922.2
idn,2012,1252.7
idn,2013,1679.1170000000002
idn,2014,1930.1689999999999
imn,2001,0.0
imn,2002,0.0
imn,2003,0.0
imn,2004,0.0
imn,2006,0.0
imn,2007,0.0
imn,2008,0.0
imn,2009,0.0
imn,2011,0.0
imn,2012,0.0
ind,2001,0.0
ind,2002,0.18
ind,2003,0.0
ind,2004,0.0
ind,2006,0.0
ind,2007,0.64
ind,2008,0.64
ind,2009,0.64
ind,2011,0.68
ind,2012,19.6
ind,2013,418.01800000000003
ind,2014,452.73400000000004
irl,2001,397.0
irl,2002,397.0
irl,2003,397.0
irl,2004,397.0
irl,2006,401.0
irl,2007,401.0
irl,2008,402.0
irl,2009,399.0
irl,2011,399.0
irl,2012,399.0
irl,2013,445.975
irl,2014,447.219
irn,2001,0.0
irn,2002,0.0
irn,2003,0.0
irn,2004,0.0
irn,2006,0.0
irn,2007,0.0
irn,2008,0.0
irn,2009,0.0
irn,2011,0.0
irn,2012,0.0
irq,2001,0.0
irq,2002,0.0
irq,2003,0.0
irq,2004,0.0
irq,2006,0.0
irq,2007,0.0
irq,2008,0.0
irq,2009,0.0
irq,2011,0.0
irq,2012,0.0
isl,2001,0.0
isl,2002,0.0
isl,2003,0.0
isl,2004,0.0
isl,2006,0.0
isl,2007,0.0
isl,2008,0.0
isl,2009,0.0
isl,2011,0.0
isl,2012,0.0
isr,2001,0.0
isr,2002,0.0
isr,2003,0.0
isr,2004,0.0
isr,2006,0.0
isr,2007,0.0
isr,2008,0.0
isr,2009,0.0
isr,2011,0.0
isr,2012,0.0
ita,2001,0.0
ita,2002,14.32
ita,2003,14.73
ita,2004,14.73
ita,2006,15.845
ita,2007,18.98
ita,2008,33.91
ita,2009,48.77
ita,2011,52.068999999999996
ita,2012,52.102
ita,2013,53.292
ita,2014,51.07899999999999
jam,2001,0.0
jam,2002,0.0
jam,2003,0.0
jam,2004,0.0
jam,2006,0.0
jam,2007,0.0
jam,2008,0.0
jam,2009,0.0
jam,2011,0.0
jam,2012,0.0
jey,2001,0.0
jey,2002,0.0
jey,2003,0.0
jey,2004,0.0
jey,2006,0.0
jey,2007,0.0
jey,2008,0.0
jey,2009,0.0
jey,2011,0.0
jey,2012,0.0
jor,2001,0.0
jor,2002,0.0
jor,2003,0.0
jor,2004,0.0
jor,2006,0.0
jor,2007,0.0
jor,2008,0.0
jor,2009,0.0
jor,2011,0.0
jor,2012,0.0
jpn,2001,14.61
jpn,2002,14.61
jpn,2003,178.44
jpn,2004,204.53
jpn,2006,277.5
jpn,2007,277.61
jpn,2008,279.08
jpn,2009,329.33
jpn,2011,392.61
jpn,2012,397.17
jpn,2013,400.352
jpn,2014,421.68800000000005
kaz,2001,0.0
kaz,2002,0.0
kaz,2003,0.0
kaz,2004,0.0
kaz,2006,0.0
kaz,2007,0.0
kaz,2008,0.0
kaz,2009,0.0
kaz,2011,0.0
kaz,2012,0.0
ken,2001,0.0
ken,2002,0.0
ken,2003,0.0
ken,2004,0.0
ken,2006,2.63
ken,2007,1.83
ken,2008,1.83
ken,2009,2.44
ken,2011,2.99
ken,2012,0.63
ken,2013,0.628
kgz,2001,0.0
kgz,2002,0.0
kgz,2003,0.0
kgz,2004,0.0
kgz,2006,0.0
kgz,2007,0.0
kgz,2008,0.0
kgz,2009,0.0
kgz,2011,0.0
kgz,2012,0.0
khm,2001,0.0
khm,2002,0.0
khm,2003,0.0
khm,2004,0.0
khm,2006,0.0
khm,2007,0.0
khm,2008,0.0
khm,2009,0.0
khm,2011,0.0
khm,2012,0.0
khm,2014,12.745999999999999
kir,2001,0.0
kir,2002,0.0
kir,2003,0.0
kir,2004,0.0
kir,2006,0.0
kir,2007,0.0
kir,2008,0.0
kir,2009,0.0
kir,2011,0.0
kir,2012,0.0
kna,2001,0.0
kna,2002,0.0
kna,2003,0.0
kna,2004,0.0
kna,2006,0.0
kna,2007,0.0
kna,2008,0.0
kna,2009,0.0
kna,2011,0.0
kna,2012,0.0
kor,2001,0.0
kor,2002,0.0
kor,2003,0.0
kor,2004,0.0
kor,2006,36.47
kor,2007,155.8
kor,2008,155.8
kor,2009,219.58
kor,2011,295.85
kor,2012,295.85
kor,2013,375.175
kor,2014,381.19199999999995
kwt,2001,0.0
kwt,2002,0.0
kwt,2003,0.0
kwt,2004,0.0
kwt,2006,0.0
kwt,2007,0.0
kwt,2008,0.0
kwt,2009,0.0
kwt,2011,0.0
kwt,2012,0.0
lao,2001,0.0
lao,2002,0.0
lao,2003,0.0
lao,2004,0.0
lao,2006,50.79
lao,2007,44.99
lao,2008,44.99
lao,2009,12.45
lao,2011,81.7
lao,2012,82.85
lao,2013,82.936
lao,2014,154.63299999999998
lbn,2001,0.0
lbn,2002,0.0
lbn,2003,0.0
lbn,2004,0.0
lbn,2006,0.0
lbn,2007,0.0
lbn,2008,0.0
lbn,2009,0.0
lbn,2011,0.0
lbn,2012,0.0
lbr,2001,0.0
lbr,2002,0.0
lbr,2003,0.0
lbr,2004,0.0
lbr,2006,0.0
lbr,2007,0.0
lbr,2008,0.0
lbr,2009,0.0
lbr,2011,0.0
lbr,2012,0.0
lby,2001,0.0
lby,2002,0.0
lby,2003,0.0
lby,2004,0.0
lby,2006,0.0
lby,2007,0.0
lby,2008,0.0
lby,2009,0.0
lby,2011,0.0
lby,2012,0.0
lca,2001,0.0
lca,2002,0.0
lca,2003,0.0
lca,2004,0.0
lca,2006,0.0
lca,2007,0.0
lca,2008,0.0
lca,2009,0.0
lca,2011,0.0
lca,2012,0.0
lie,2001,0.0
lie,2002,7.37
lie,2003,7.37
lie,2004,7.37
lie,2006,7.37
lie,2007,0.0
lie,2008,0.0
lie,2009,0.0
lie,2011,0.0
lie,2012,0.0
lka,2001,0.0
lka,2002,9.37
lka,2003,12.3
lka,2004,17.8
lka,2006,17.8
lka,2007,16.25
lka,2008,17.948
lka,2009,23.17
lka,2011,22.58
lka,2012,39.26
lka,2013,31.475
lka,2014,37.184
lso,2001,0.0
lso,2002,0.0
lso,2003,0.0
lso,2004,0.0
lso,2006,0.0
lso,2007,0.0
lso,2008,0.0
lso,2009,0.0
lso,2011,0.0
lso,2012,0.0
ltu,2001,0.0
ltu,2002,66.14
ltu,2003,448.57
ltu,2004,644.8
ltu,2006,1007.34
ltu,2007,1044.32
ltu,2008,677.09
ltu,2009,976.94
ltu,2011,1049.41
ltu,2012,1055.35
ltu,2013,1057.8339999999998
ltu,2014,1066.947
lux,2001,0.0
lux,2002,0.0
lux,2003,0.0
lux,2004,0.0
lux,2006,0.0
lux,2007,10.34
lux,2008,11.35
lux,2009,18.84
lux,2011,20.48
lux,2012,20.73
lux,2013,20.404
lux,2014,20.535
lva,2001,0.0
lva,2002,906.53
lva,2003,1686.2
lva,2004,1686.2
lva,2006,1626.95
lva,2007,1624.13
lva,2008,1624.13
lva,2009,1620.92
lva,2011,8.19
lva,2012,795.14
lva,2013,1740.297
lva,2014,1750.1529999999998
maf,2001,0.0
maf,2002,0.0
maf,2003,0.0
maf,2004,0.0
maf,2006,0.0
maf,2007,0.0
maf,2008,0.0
maf,2009,0.0
maf,2011,0.0
maf,2012,0.0
mar,2001,0.0
mar,2002,0.0
mar,2003,0.0
mar,2004,0.0
mar,2006,0.0
mar,2007,0.0
mar,2008,0.0
mar,2009,0.0
mar,2011,0.0
mar,2012,0.0
mco,2001,0.0
mco,2002,0.0
mco,2003,0.0
mco,2004,0.0
mco,2006,0.0
mco,2007,0.0
mco,2008,0.0
mco,2009,0.0
mco,2011,0.0
mco,2012,0.0
mda,2001,0.0
mda,2002,0.0
mda,2003,0.0
mda,2004,0.0
mda,2006,0.0
mda,2007,0.0
mda,2008,0.0
mda,2009,0.0
mda,2011,0.0
mda,2012,0.0
mdg,2001,0.0
mdg,2002,0.0
mdg,2003,0.0
mdg,2004,0.0
mdg,2006,0.0
mdg,2007,0.0
mdg,2008,0.0
mdg,2009,0.0
mdg,2011,1.0
mdg,2012,1.0
mdg,2014,1.0
mdv,2001,0.0
mdv,2002,0.0
mdv,2003,0.0
mdv,2004,0.0
mdv,2006,0.0
mdv,2007,0.0
mdv,2008,0.0
mdv,2009,0.0
mdv,2011,0.0
mdv,2012,0.0
mex,2001,0.0
mex,2002,523.68
mex,2003,683.66
mex,2004,708.68
mex,2006,918.8
mex,2007,776.57
mex,2008,666.41
mex,2009,743.01
mex,2011,551.11
mex,2012,343.2
mex,2013,713.184
mex,2014,713.821
mhl,2001,0.0
mhl,2002,0.0
mhl,2003,0.0
mhl,2004,0.0
mhl,2006,0.0
mhl,2007,0.0
mhl,2008,0.0
mhl,2009,0.0
mhl,2011,0.0
mhl,2012,0.0
mkd,2001,0.0
mkd,2002,0.0
mkd,2003,0.0
mkd,2004,0.0
mkd,2006,0.0
mkd,2007,0.0
mkd,2008,0.0
mkd,2009,0.0
mkd,2011,0.0
mkd,2012,0.0
mli,2001,0.0
mli,2002,0.0
mli,2003,0.0
mli,2004,0.0
mli,2006,0.0
mli,2007,0.0
mli,2008,0.0
mli,2009,0.0
mli,2011,0.0
mli,2012,0.0
mlt,2001,0.0
mlt,2002,0.0
mlt,2003,0.0
mlt,2004,0.0
mlt,2006,0.0
mlt,2007,0.0
mlt,2008,0.0
mlt,2009,0.0
mlt,2011,0.0
mlt,2012,0.0
mmr,2001,0.0
mmr,2002,0.0
mmr,2003,0.0
mmr,2004,0.0
mmr,2006,0.0
mmr,2007,0.0
mmr,2008,0.0
mmr,2009,0.0
mmr,2011,0.0
mmr,2012,0.0
mne,2001,0.0
mne,2002,0.0
mne,2003,0.0
mne,2004,0.0
mne,2006,0.0
mne,2007,0.0
mne,2008,0.0
mne,2009,0.0
mne,2011,0.0
mne,2012,0.0
mng,2001,0.0
mng,2002,0.0
mng,2003,0.0
mng,2004,0.0
mng,2006,0.0
mng,2007,0.0
mng,2008,0.0
mng,2009,0.0
mng,2011,0.0
mng,2012,0.0
mnp,2001,0.0
mnp,2002,0.0
mnp,2003,0.0
mnp,2004,0.0
mnp,2006,0.0
mnp,2007,0.0
mnp,2008,0.0
mnp,2009,0.0
mnp,2011,0.0
mnp,2012,0.0
moz,2001,0.0
moz,2002,0.0
moz,2003,0.0
moz,2004,0.0
moz,2006,25.0
moz,2007,25.0
moz,2008,25.0
moz,2009,71.0
moz,2011,52.0
moz,2012,52.0
moz,2013,51.55
moz,2014,51.949
mrt,2001,0.0
mrt,2002,0.0
mrt,2003,0.0
mrt,2004,0.0
mrt,2006,0.0
mrt,2007,0.0
mrt,2008,0.0
mrt,2009,0.0
mrt,2011,0.0
mrt,2012,0.0
msr,2001,0.0
msr,2002,0.0
msr,2003,0.0
msr,2004,0.0
msr,2006,0.0
msr,2007,0.0
msr,2008,0.0
msr,2009,0.0
msr,2011,0.0
msr,2012,0.0
mtq,2001,0.0
mtq,2002,0.0
mtq,2003,0.0
mtq,2004,0.0
mtq,2006,0.0
mtq,2007,0.0
mtq,2008,0.0
mtq,2009,0.0
mtq,2011,0.0
mtq,2012,0.0
mus,2001,0.0
mus,2002,0.0
mus,2003,0.0
mus,2004,0.0
mus,2006,0.0
mus,2007,0.0
mus,2008,0.0
mus,2009,0.0
mus,2011,0.0
mus,2012,0.0
mwi,2001,0.0
mwi,2002,0.0
mwi,2003,0.0
mwi,2004,0.0
mwi,2006,0.0
mwi,2007,0.0
mwi,2008,0.0
mwi,2009,0.0
mwi,2011,0.0
mwi,2012,0.0
mys,2001,73.3
mys,2002,73.3
mys,2003,73.3
mys,2004,73.3
mys,2006,69.19
mys,2007,71.66
mys,2008,213.73
mys,2009,203.84
mys,2011,507.22
mys,2012,507.22
mys,2013,469.45
mys,2014,468.45099999999996
myt,2001,0.0
myt,2002,0.0
myt,2003,0.0
myt,2004,0.0
myt,2006,0.0
myt,2007,0.0
myt,2008,0.0
myt,2009,0.0
myt,2011,0.0
myt,2012,0.0
nam,2001,0.0
nam,2002,270.73
nam,2003,270.73
nam,2004,270.73
nam,2006,306.49
nam,2007,219.62
nam,2008,219.62
nam,2009,327.92
nam,2011,270.03
nam,2012,275.17
nam,2013,240.83700000000002
nam,2014,224.335
ncl,2001,0.0
ncl,2002,0.0
ncl,2003,0.0
ncl,2004,0.0
ncl,2006,0.0
ncl,2007,0.0
ncl,2008,0.0
ncl,2009,0.0
ncl,2011,0.0
ncl,2012,0.0
ner,2001,0.0
ner,2002,0.0
ner,2003,0.0
ner,2004,0.0
ner,2006,0.0
ner,2007,0.0
ner,2008,0.0
ner,2009,0.0
ner,2011,0.0
ner,2012,0.0
nfk,2001,0.0
nfk,2002,0.0
nfk,2003,0.0
nfk,2004,0.0
nfk,2006,0.0
nfk,2007,0.0
nfk,2008,0.0
nfk,2009,0.0
nfk,2011,0.0
nfk,2012,0.0
nga,2001,0.0
nga,2002,0.0
nga,2003,0.0
nga,2004,0.0
nga,2006,0.0
nga,2007,0.0
nga,2008,0.0
nga,2009,0.0
nga,2011,0.0
nga,2012,0.0
nic,2001,0.0
nic,2002,30.0
nic,2003,39.66
nic,2004,42.46
nic,2006,42.46
nic,2007,11.53
nic,2008,40.78
nic,2009,18.57
nic,2011,92.84
nic,2012,33.43
nic,2013,27.753
nic,2014,23.545
niu,2001,0.0
niu,2002,0.0
niu,2003,0.0
niu,2004,0.0
niu,2006,0.0
niu,2007,0.0
niu,2008,0.0
niu,2009,0.0
niu,2011,0.0
niu,2012,0.0
nld,2001,0.0
nld,2002,112.55
nld,2003,115.46
nld,2004,99.03
nld,2006,162.72
nld,2007,148.16
nld,2008,151.79
nld,2009,151.61
nld,2011,157.7
nld,2012,171.29
nld,2013,169.958
nld,2014,169.12900000000002
nor,2001,0.0
nor,2002,5.1
nor,2003,5.1
nor,2004,5.1
nor,2006,0.0
nor,2007,0.0
nor,2008,0.0
nor,2009,29.63
nor,2011,105.57
nor,2012,246.14
nor,2013,266.337
nor,2014,346.381
npl,2001,0.0
npl,2002,0.0
npl,2003,0.0
npl,2004,0.0
npl,2006,14.15
npl,2007,14.09
npl,2008,14.09
npl,2009,14.15
npl,2011,14.15
npl,2012,14.15
npl,2013,14.145
npl,2014,17.205
nru,2001,0.0
nru,2002,0.0
nru,2003,0.0
nru,2004,0.0
nru,2006,0.0
nru,2007,0.0
nru,2008,0.0
nru,2009,0.0
nru,2011,0.0
nru,2012,0.0
nzl,2001,209.68
nzl,2002,458.35
nzl,2003,658.15
nzl,2004,900.25
nzl,2006,876.47
nzl,2007,520.67
nzl,2008,810.94
nzl,2009,986.07
nzl,2011,1385.83
nzl,2012,1499.47
nzl,2013,1487.489
nzl,2014,1271.528
omn,2001,0.0
omn,2002,0.0
omn,2003,0.0
omn,2004,0.0
omn,2006,0.0
omn,2007,0.0
omn,2008,0.0
omn,2009,0.0
omn,2011,0.0
omn,2012,0.0
pak,2001,0.0
pak,2002,0.0
pak,2003,0.0
pak,2004,0.0
pak,2006,0.0
pak,2007,0.0
pak,2008,0.0
pak,2009,0.0
pak,2011,0.0
pak,2012,0.0
pan,2001,0.0
pan,2002,0.0
pan,2003,0.0
pan,2004,1.87
pan,2006,2.67
pan,2007,9.02
pan,2008,9.02
pan,2009,11.21
pan,2011,13.56
pan,2012,14.26
pan,2013,51.216
pan,2014,43.413000000000004
pcn,2001,0.0
pcn,2002,0.0
pcn,2003,0.0
pcn,2004,0.0
pcn,2006,0.0
pcn,2007,0.0
pcn,2008,0.0
pcn,2009,0.0
pcn,2011,0.0
pcn,2012,0.0
per,2001,0.0
per,2002,0.0
per,2003,0.0
per,2004,0.0
per,2006,180.519
per,2007,661.676
per,2008,661.676
per,2009,670.096
per,2011,788.301
per,2012,915.365
per,2013,915.365
per,2014,954.9839999999999
phl,2001,0.0
phl,2002,14.8
phl,2003,14.8
phl,2004,14.8
phl,2006,0.0
phl,2007,0.0
phl,2008,0.0
phl,2009,0.0
phl,2011,0.0
phl,2012,0.0
plw,2001,0.0
plw,2002,0.0
plw,2003,0.0
plw,2004,0.0
plw,2006,0.0
plw,2007,0.0
plw,2008,0.0
plw,2009,0.0
plw,2011,0.0
plw,2012,0.0
png,2001,0.0
png,2002,4.31
png,2003,4.31
png,2004,0.0
png,2006,27.35
png,2007,21.92
png,2008,2.71
png,2009,60.79
png,2011,19.92
png,2012,180.0
png,2013,160.67
png,2014,160.67
pol,2001,0.0
pol,2002,3717.42
pol,2003,6960.86
pol,2004,6973.01
pol,2006,6977.56
pol,2007,4799.66
pol,2008,4624.19
pol,2009,6990.04
pol,2011,6966.89
pol,2012,6948.5
pol,2013,6998.809
pol,2014,6919.590999999999
pri,2001,0.0
pri,2002,0.0
pri,2003,0.0
pri,2004,0.0
pri,2006,0.0
pri,2007,0.0
pri,2008,0.0
pri,2009,0.0
pri,2011,0.0
pri,2012,0.0
prk,2001,0.0
prk,2002,0.0
prk,2003,0.0
prk,2004,0.0
prk,2006,0.0
prk,2007,0.0
prk,2008,0.0
prk,2009,0.0
prk,2011,0.0
prk,2012,0.0
prt,2001,0.0
prt,2002,0.0
prt,2003,0.0
prt,2004,0.0
prt,2006,51.3
prt,2007,74.6
prt,2008,186.1
prt,2009,192.8
prt,2011,268.4
prt,2012,299.9
prt,2013,330.217
prt,2014,339.55699999999996
pry,2001,0.0
pry,2002,0.0
pry,2003,2.7
pry,2004,2.7
pry,2006,2.7
pry,2007,2.71
pry,2008,8.13
pry,2009,10.55
pry,2011,18.69
pry,2012,19.49
pry,2013,19.487000000000002
pry,2014,19.509
pse,2001,0.0
pse,2002,0.0
pse,2003,0.0
pse,2004,0.0
pse,2006,0.0
pse,2007,0.0
pse,2008,0.0
pse,2009,0.0
pse,2011,0.0
pse,2012,0.0
pyf,2001,0.0
pyf,2002,0.0
pyf,2003,0.0
pyf,2004,0.0
pyf,2006,0.0
pyf,2007,0.0
pyf,2008,0.0
pyf,2009,0.0
pyf,2011,0.0
pyf,2012,0.0
qat,2001,0.0
qat,2002,0.0
qat,2003,0.0
qat,2004,0.0
qat,2006,0.0
qat,2007,0.0
qat,2008,0.0
qat,2009,0.0
qat,2011,0.0
qat,2012,0.0
reu,2001,0.0
reu,2002,0.0
reu,2003,0.0
reu,2004,0.0
reu,2006,0.0
reu,2007,0.0
reu,2008,0.0
reu,2009,0.0
reu,2011,0.0
reu,2012,0.0
rou,2001,0.0
rou,2002,31.61
rou,2003,31.61
rou,2004,31.61
rou,2006,941.55
rou,2007,1092.8
rou,2008,1080.32
rou,2009,917.47
rou,2011,717.06
rou,2012,717.06
rou,2013,2386.942
rou,2014,2554.4139999999998
rus,2001,0.0
rus,2002,146.51
rus,2003,1470.6
rus,2004,1573.97
rus,2006,8351.32
rus,2007,15926.62
rus,2008,17974.94
rus,2009,21370.23
rus,2011,28769.88
rus,2012,28680.33
rus,2013,35767.028
rus,2014,36706.727999999996
rwa,2001,0.0
rwa,2002,0.0
rwa,2003,0.0
rwa,2004,0.0
rwa,2006,0.0
rwa,2007,0.0
rwa,2008,0.0
rwa,2009,0.0
rwa,2011,0.0
rwa,2012,0.0
sau,2001,0.0
sau,2002,0.0
sau,2003,0.0
sau,2004,0.0
sau,2006,0.0
sau,2007,0.0
sau,2008,0.0
sau,2009,0.0
sau,2011,0.0
sau,2012,0.0
sdn,2001,0.0
sdn,2002,0.0
sdn,2003,0.0
sdn,2004,0.0
sdn,2006,0.0
sdn,2007,0.0
sdn,2008,0.0
sdn,2009,0.0
sdn,2011,0.0
sdn,2012,0.0
sen,2001,0.0
sen,2002,0.0
sen,2003,0.0
sen,2004,0.0
sen,2006,0.0
sen,2007,0.0
sen,2008,0.0
sen,2009,0.0
sen,2011,0.0
sen,2012,0.0
sgp,2001,0.0
sgp,2002,0.0
sgp,2003,0.0
sgp,2004,0.0
sgp,2006,0.0
sgp,2007,0.0
sgp,2008,0.0
sgp,2009,0.0
sgp,2011,0.0
sgp,2012,0.0
shn,2001,0.0
shn,2002,0.0
shn,2003,0.0
shn,2004,0.0
shn,2006,0.0
shn,2007,0.0
shn,2008,0.0
shn,2009,0.0
shn,2011,0.0
shn,2012,0.0
sjm,2001,0.0
sjm,2002,0.0
sjm,2003,0.0
sjm,2004,0.0
sjm,2006,0.0
sjm,2007,0.0
sjm,2008,0.0
sjm,2009,0.0
sjm,2011,0.0
sjm,2012,0.0
slb,2001,0.0
slb,2002,39.4
slb,2003,39.4
slb,2004,39.4
slb,2006,39.4
slb,2007,39.4
slb,2008,39.4
slb,2009,39.4
slb,2011,64.41
slb,2012,64.41
slb,2013,64.553
slb,2014,64.943
sle,2001,0.0
sle,2002,0.0
sle,2003,0.0
sle,2004,0.0
sle,2006,0.0
sle,2007,0.0
sle,2008,0.0
sle,2009,0.0
sle,2011,0.0
sle,2012,0.0
slv,2001,0.0
slv,2002,0.0
slv,2003,0.0
slv,2004,0.0
slv,2006,0.0
slv,2007,0.0
slv,2008,0.0
slv,2009,0.0
slv,2011,0.0
slv,2012,0.0
smr,2001,0.0
smr,2002,0.0
smr,2003,0.0
smr,2004,0.0
smr,2006,0.0
smr,2007,0.0
smr,2008,0.0
smr,2009,0.0
smr,2011,0.0
smr,2012,0.0
som,2001,0.0
som,2002,0.0
som,2003,0.0
som,2004,0.0
som,2006,0.0
som,2007,0.0
som,2008,0.0
som,2009,0.0
som,2011,0.0
som,2012,0.0
spm,2001,0.0
spm,2002,0.0
spm,2003,0.0
spm,2004,0.0
spm,2006,0.0
spm,2007,0.0
spm,2008,0.0
spm,2009,0.0
spm,2011,0.0
spm,2012,0.0
srb,2001,0.0
srb,2002,0.0
srb,2003,0.0
srb,2004,0.0
srb,2006,0.0
srb,2007,40.0
srb,2008,169.0
srb,2009,369.0
srb,2011,1019.0
srb,2012,1019.0
srb,2013,998.429
srb,2014,1018.418
ssd,2001,0.0
ssd,2002,0.0
ssd,2003,0.0
ssd,2004,0.0
ssd,2006,0.0
ssd,2007,0.0
ssd,2008,0.0
ssd,2009,0.0
ssd,2011,0.0
ssd,2012,0.0
stp,2001,0.0
stp,2002,0.0
stp,2003,0.0
stp,2004,0.0
stp,2006,0.0
stp,2007,0.0
stp,2008,0.0
stp,2009,0.0
stp,2011,0.0
stp,2012,0.0
sur,2001,0.0
sur,2002,0.0
sur,2003,0.0
sur,2004,0.0
sur,2006,0.0
sur,2007,0.0
sur,2008,65.27
sur,2009,65.27
sur,2011,23.86
sur,2012,89.12
sur,2013,23.858
sur,2014,113.76899999999999
svk,2001,0.0
svk,2002,0.0
svk,2003,0.0
svk,2004,0.0
svk,2006,162.0
svk,2007,162.0
svk,2008,174.0
svk,2009,147.0
svk,2011,140.0
svk,2012,147.0
svk,2013,144.541
svk,2014,146.62
svn,2001,0.0
svn,2002,0.0
svn,2003,0.0
svn,2004,0.0
svn,2006,0.0
svn,2007,262.0
svn,2008,270.0
svn,2009,212.0
svn,2011,269.0
svn,2012,265.0
svn,2013,256.096
svn,2014,249.649
swe,2001,0.0
swe,2002,11973.89
swe,2003,9587.18
swe,2004,9311.49
swe,2006,9697.47
swe,2007,11233.98
swe,2008,10647.0
swe,2009,9736.01
swe,2011,11327.85
swe,2012,11572.82
swe,2013,11690.112
swe,2014,12071.806999999999
swz,2001,17.0
swz,2002,17.0
swz,2003,17.0
swz,2004,17.0
swz,2006,17.0
swz,2007,87.0
swz,2008,87.0
swz,2009,177.0
swz,2011,114.0
swz,2012,111.0
swz,2013,111.04899999999999
swz,2014,111.777
syc,2001,0.0
syc,2002,0.0
syc,2003,0.0
syc,2004,0.0
syc,2006,0.0
syc,2007,0.0
syc,2008,0.0
syc,2009,0.0
syc,2011,0.0
syc,2012,0.0
syr,2001,0.0
syr,2002,0.0
syr,2003,0.0
syr,2004,0.0
syr,2006,0.0
syr,2007,0.0
syr,2008,0.0
syr,2009,0.0
syr,2011,0.0
syr,2012,0.0
tca,2001,0.0
tca,2002,0.0
tca,2003,0.0
tca,2004,0.0
tca,2006,0.0
tca,2007,0.0
tca,2008,0.0
tca,2009,0.0
tca,2011,0.0
tca,2012,0.0
tcd,2001,0.0
tcd,2002,0.0
tcd,2003,0.0
tcd,2004,0.0
tcd,2006,0.0
tcd,2007,0.0
tcd,2008,0.0
tcd,2009,0.0
tcd,2011,0.0
tcd,2012,0.0
tgo,2001,0.0
tgo,2002,0.0
tgo,2003,0.0
tgo,2004,0.0
tgo,2006,0.0
tgo,2007,0.0
tgo,2008,0.0
tgo,2009,0.0
tgo,2011,0.0
tgo,2012,0.0
tha,2001,0.0
tha,2002,8.37
tha,2003,8.37
tha,2004,2.94
tha,2006,2.94
tha,2007,1.81
tha,2008,6.22
tha,2009,18.92
tha,2011,18.57
tha,2012,23.42
tha,2013,192.101
tha,2014,25.698
tjk,2001,0.0
tjk,2002,0.0
tjk,2003,0.0
tjk,2004,0.0
tjk,2006,0.0
tjk,2007,0.0
tjk,2008,0.0
tjk,2009,0.0
tjk,2011,0.0
tjk,2012,0.0
tkl,2001,0.0
tkl,2002,0.0
tkl,2003,0.0
tkl,2004,0.0
tkl,2006,0.0
tkl,2007,0.0
tkl,2008,0.0
tkl,2009,0.0
tkl,2011,0.0
tkl,2012,0.0
tkm,2001,0.0
tkm,2002,0.0
tkm,2003,0.0
tkm,2004,0.0
tkm,2006,0.0
tkm,2007,0.0
tkm,2008,0.0
tkm,2009,0.0
tkm,2011,0.0
tkm,2012,0.0
tls,2001,0.0
tls,2002,0.0
tls,2003,0.0
tls,2004,0.0
tls,2006,0.0
tls,2007,0.0
tls,2008,0.0
tls,2009,0.0
tls,2011,0.0
tls,2012,0.0
ton,2001,0.0
ton,2002,0.0
ton,2003,0.0
ton,2004,0.0
ton,2006,0.0
ton,2007,0.0
ton,2008,0.0
ton,2009,0.0
ton,2011,0.0
ton,2012,0.0
tto,2001,0.0
tto,2002,0.0
tto,2003,0.0
tto,2004,0.0
tto,2005,0.0
tto,2006,0.0
tto,2007,0.0
tto,2008,0.0
tto,2009,0.0
tto,2010,0.0
tto,2011,0.0
tto,2012,0.0
tun,2001,0.0
tun,2002,0.0
tun,2003,0.0
tun,2004,0.0
tun,2006,0.0
tun,2007,0.0
tun,2008,0.0
tun,2009,0.0
tun,2011,0.0
tun,2012,0.0
tur,2001,0.0
tur,2002,0.0
tur,2003,0.0
tur,2004,0.0
tur,2006,0.0
tur,2007,0.0
tur,2008,0.0
tur,2009,0.0
tur,2011,80.1
tur,2012,699.7
tur,2013,1380.1229999999998
tur,2014,2346.799
tuv,2001,0.0
tuv,2002,0.0
tuv,2003,0.0
tuv,2004,0.0
tuv,2006,0.0
tuv,2007,0.0
tuv,2008,0.0
tuv,2009,0.0
tuv,2011,0.0
tuv,2012,0.0
tza,2001,0.0
tza,2002,0.0
tza,2003,0.0
tza,2004,0.0
tza,2006,0.0
tza,2007,15.56
tza,2008,15.56
tza,2009,36.36
tza,2011,46.96
tza,2012,51.27
tza,2013,112.779
tza,2014,131.975
uga,2001,0.0
uga,2002,191.6
uga,2003,191.6
uga,2004,191.6
uga,2006,191.6
uga,2007,112.1
uga,2008,204.21
uga,2009,222.85
uga,2011,106.95
uga,2012,112.1
uga,2013,27.454
uga,2014,40.071999999999996
ukr,2001,203.0
ukr,2002,203.0
ukr,2003,0.0
ukr,2004,203.1
ukr,2006,790.1
ukr,2007,1408.8
ukr,2008,1008.8
ukr,2009,1555.2
ukr,2011,1268.8
ukr,2012,1455.0
ukr,2013,1631.3529999999998
ukr,2014,1439.047
ury,2001,0.0
ury,2002,20.2
ury,2003,20.2
ury,2004,20.32
ury,2006,152.04
ury,2007,373.58
ury,2008,407.79
ury,2009,1059.63
ury,2011,1212.15
ury,2012,806.56
ury,2013,826.3589999999999
ury,2014,925.084
usa,2001,0.0
usa,2002,3510.0
usa,2003,3654.0
usa,2004,5475.0
usa,2006,9694.0
usa,2007,9186.0
usa,2008,9755.0
usa,2009,11684.0
usa,2011,13688.0
usa,2012,14180.0
usa,2013,14275.306999999999
usa,2014,15715.77
uzb,2001,0.0
uzb,2002,0.0
uzb,2003,0.0
uzb,2004,0.0
uzb,2006,0.0
uzb,2007,0.0
uzb,2008,0.0
uzb,2009,0.0
uzb,2011,0.0
uzb,2012,0.0
vat,2001,0.0
vat,2002,0.0
vat,2003,0.0
vat,2004,0.0
vat,2006,0.0
vat,2007,0.0
vat,2008,0.0
vat,2009,0.0
vat,2011,0.0
vat,2012,0.0
vct,2001,0.0
vct,2002,0.0
vct,2003,0.0
vct,2004,0.0
vct,2006,0.0
vct,2007,0.0
vct,2008,0.0
vct,2009,0.0
vct,2011,0.0
vct,2012,0.0
ven,2001,0.0
ven,2002,0.0
ven,2003,0.0
ven,2004,139.65
ven,2006,139.65
ven,2007,139.65
ven,2008,139.65
ven,2009,139.65
ven,2011,139.65
ven,2012,139.65
ven,2013,139.588
vgb,2001,0.0
vgb,2002,0.0
vgb,2003,0.0
vgb,2004,0.0
vgb,2006,0.0
vgb,2007,0.0
vgb,2008,0.0
vgb,2009,0.0
vgb,2011,0.0
vgb,2012,0.0
vir,2001,0.0
vir,2002,0.0
vir,2003,0.0
vir,2004,0.0
vir,2006,0.0
vir,2007,0.0
vir,2008,0.0
vir,2009,0.0
vir,2011,0.0
vir,2012,0.0
vnm,2001,0.0
vnm,2002,0.0
vnm,2003,0.0
vnm,2004,0.0
vnm,2006,0.0
vnm,2007,9.9
vnm,2008,9.78
vnm,2009,9.78
vnm,2011,15.64
vnm,2012,41.34
vnm,2013,49.01
vnm,2014,136.70600000000002
vut,2001,0.0
vut,2002,0.0
vut,2003,0.0
vut,2004,0.0
vut,2006,0.0
vut,2007,0.0
vut,2008,0.0
vut,2009,0.0
vut,2011,0.0
vut,2012,0.0
wlf,2001,0.0
wlf,2002,0.0
wlf,2003,0.0
wlf,2004,0.0
wlf,2006,0.0
wlf,2007,0.0
wlf,2008,0.0
wlf,2009,0.0
wlf,2011,0.0
wlf,2012,0.0
wsm,2001,0.0
wsm,2002,0.0
wsm,2003,0.0
wsm,2004,0.0
wsm,2006,0.0
wsm,2007,0.0
wsm,2008,0.0
wsm,2009,0.0
wsm,2011,0.0
wsm,2012,0.0
yem,2001,0.0
yem,2002,0.0
yem,2003,0.0
yem,2004,0.0
yem,2006,0.0
yem,2007,0.0
yem,2008,0.0
yem,2009,0.0
yem,2011,0.0
yem,2012,0.0
zaf,2001,1006.5
zaf,2002,1134.04
zaf,2003,1637.39
zaf,2004,1760.63
zaf,2006,1721.05
zaf,2007,1551.47
zaf,2008,1075.49
zaf,2009,1678.54
zaf,2011,1744.4
zaf,2012,1539.75
zaf,2013,1544.885
zaf,2014,1478.588
zmb,2001,0.0
zmb,2002,0.0
zmb,2003,0.98
zmb,2004,0.98
zmb,2006,0.0
zmb,2007,0.0
zmb,2008,0.0
zmb,2009,0.0
zmb,2011,0.0
zmb,2012,0.0
zwe,2001,0.0
zwe,2002,123.13
zwe,2003,123.13
zwe,2004,123.13
zwe,2006,104.04
zwe,2007,108.43
zwe,2008,108.43
zwe,2009,55.3
zwe,2011,0.0
zwe,2012,0.0
