country,year,othintcertif
abw,2000,0.0
abw,2005,0.0
abw,2010,0.0
afg,2000,0.0
afg,2005,0.0
afg,2010,0.0
ago,2000,0.0
ago,2005,0.0
ago,2010,0.0
aia,2000,0.0
aia,2005,0.0
aia,2010,0.0
alb,2000,0.0
alb,2005,0.0
alb,2010,0.0
and,2000,0.0
and,2005,0.0
and,2010,0.0
ant,2000,0.0
ant,2005,0.0
ant,2010,0.0
are,2000,0.0
are,2005,0.0
are,2010,0.0
arg,2000,0.0
arg,2005,0.0
arg,2010,0.0
arm,2000,0.0
arm,2005,0.0
arm,2010,0.0
asm,2000,0.0
asm,2005,0.0
asm,2010,0.0
atg,2000,0.0
atg,2005,0.0
atg,2010,0.0
aus,2000,0.0
aus,2005,0.0
aus,2010,0.0
aut,2000,0.0
aut,2005,0.0
aut,2010,0.0
aze,2000,0.0
aze,2005,0.0
aze,2010,0.0
bdi,2000,0.0
bdi,2005,0.0
bdi,2010,0.0
bel,2000,0.0
bel,2005,0.0
bel,2010,0.0
ben,2000,0.0
ben,2005,0.0
ben,2010,0.0
bfa,2000,0.0
bfa,2005,0.0
bfa,2010,0.0
bgd,2000,0.0
bgd,2005,0.0
bgd,2010,0.0
bgr,2000,0.0
bgr,2005,0.0
bgr,2010,0.0
bhr,2000,0.0
bhr,2005,0.0
bhr,2010,0.0
bhs,2000,0.0
bhs,2005,0.0
bhs,2010,0.0
bih,2000,0.0
bih,2005,0.0
bih,2010,0.0
blm,2000,0.0
blm,2005,0.0
blm,2010,0.0
blr,2000,0.0
blr,2005,0.0
blr,2010,0.0
blz,2000,0.0
blz,2005,0.0
blz,2010,0.0
bmu,2000,0.0
bmu,2005,0.0
bmu,2010,0.0
bol,2000,0.0
bol,2005,0.0
bol,2010,0.0
bra,2000,0.0
bra,2005,0.0
bra,2010,0.0
brb,2000,0.0
brb,2005,0.0
brb,2010,0.0
brn,2000,0.0
brn,2005,0.0
brn,2010,0.0
btn,2000,0.0
btn,2005,0.0
btn,2010,0.0
bwa,2000,0.0
bwa,2005,0.0
bwa,2010,0.0
caf,2000,0.0
caf,2005,0.0
caf,2010,0.0
can,2000,0.0
can,2005,0.0
can,2010,0.0
che,2000,0.0
che,2005,0.0
che,2010,0.0
chl,2000,0.0
chl,2005,0.0
chl,2010,0.0
chn,2000,0.0
chn,2005,0.0
chn,2010,0.0
civ,2000,0.0
civ,2005,0.0
civ,2010,0.0
cmr,2000,0.0
cmr,2005,0.0
cmr,2010,0.0
cod,2000,0.0
cod,2005,0.0
cod,2010,0.0
cog,2000,0.0
cog,2005,0.0
cog,2010,0.0
cok,2000,0.0
cok,2005,0.0
cok,2010,0.0
col,2000,0.0
col,2005,0.0
col,2010,0.0
com,2000,0.0
com,2005,0.0
com,2010,0.0
cpv,2000,0.0
cpv,2005,0.0
cpv,2010,0.0
cri,2000,0.0
cri,2005,0.0
cri,2010,0.0
cub,2000,0.0
cub,2005,0.0
cub,2010,0.0
cym,2000,0.0
cym,2005,0.0
cym,2010,0.0
cyp,2000,0.0
cyp,2005,0.0
cyp,2010,0.0
cze,2000,0.0
cze,2005,0.0
cze,2010,0.0
deu,2000,0.0
deu,2005,0.0
deu,2010,0.0
dji,2000,0.0
dji,2005,0.0
dji,2010,0.0
dma,2000,0.0
dma,2005,0.0
dma,2010,0.0
dnk,2000,0.0
dnk,2005,0.0
dnk,2010,0.0
dom,2000,0.0
dom,2005,0.0
dom,2010,0.0
dza,2000,0.0
dza,2005,0.0
dza,2010,0.0
ecu,2000,0.0
ecu,2005,0.0
ecu,2010,0.0
egy,2000,0.0
egy,2005,0.0
egy,2010,0.0
eri,2000,0.0
eri,2005,0.0
eri,2010,0.0
esh,2000,0.0
esh,2005,0.0
esh,2010,0.0
esp,2000,0.0
esp,2005,0.0
esp,2010,0.0
est,2000,0.0
est,2005,0.0
est,2010,0.0
eth,2000,0.0
eth,2005,0.0
eth,2010,0.0
fin,2000,0.0
fin,2005,0.0
fin,2010,0.0
fji,2000,0.0
fji,2005,0.0
fji,2010,0.0
flk,2000,0.0
flk,2005,0.0
flk,2010,0.0
fra,2000,0.0
fra,2005,0.0
fra,2010,0.0
fro,2000,0.0
fro,2005,0.0
fro,2010,0.0
fsm,2000,0.0
fsm,2005,0.0
fsm,2010,0.0
gab,2000,0.0
gab,2005,0.0
gab,2010,0.0
gbr,2000,0.0
gbr,2005,0.0
gbr,2010,0.0
geo,2000,0.0
geo,2005,0.0
geo,2010,0.0
ggy,2000,0.0
ggy,2005,0.0
ggy,2010,0.0
gha,2000,0.0
gha,2005,0.0
gha,2010,0.0
gib,2000,0.0
gib,2005,0.0
gib,2010,0.0
gin,2000,0.0
gin,2005,0.0
gin,2010,0.0
glp,2000,0.0
glp,2005,0.0
glp,2010,0.0
gmb,2000,0.0
gmb,2005,0.0
gmb,2010,0.0
gnb,2000,0.0
gnb,2005,0.0
gnb,2010,0.0
gnq,2000,0.0
gnq,2005,0.0
gnq,2010,0.0
grc,2000,0.0
grc,2005,0.0
grc,2010,0.0
grd,2000,0.0
grd,2005,0.0
grd,2010,0.0
grl,2000,0.0
grl,2005,0.0
grl,2010,0.0
gtm,2000,0.0
gtm,2005,0.0
gtm,2010,0.0
guf,2000,0.0
guf,2005,0.0
guf,2010,0.0
gum,2000,0.0
gum,2005,0.0
gum,2010,0.0
guy,2000,0.0
guy,2005,0.0
guy,2010,0.0
hnd,2000,0.0
hnd,2005,0.0
hnd,2010,0.0
hrv,2000,0.0
hrv,2005,0.0
hrv,2010,0.0
hti,2000,0.0
hti,2005,0.0
hti,2010,0.0
hun,2000,0.0
hun,2005,0.0
hun,2010,0.0
idn,2000,0.0
idn,2005,0.0
idn,2010,0.0
imn,2000,0.0
imn,2005,0.0
imn,2010,0.0
ind,2000,0.0
ind,2005,0.0
ind,2010,0.0
irl,2000,0.0
irl,2005,0.0
irl,2010,0.0
irn,2000,0.0
irn,2005,0.0
irn,2010,0.0
irq,2000,0.0
irq,2005,0.0
irq,2010,0.0
isl,2000,0.0
isl,2005,0.0
isl,2010,0.0
isr,2000,0.0
isr,2005,0.0
isr,2010,0.0
ita,2000,0.0
ita,2005,0.0
ita,2010,0.0
jam,2000,0.0
jam,2005,0.0
jam,2010,0.0
jey,2000,0.0
jey,2005,0.0
jey,2010,0.0
jor,2000,0.0
jor,2005,0.0
jor,2010,0.0
jpn,2000,0.0
jpn,2005,0.0
jpn,2010,0.0
kaz,2000,0.0
kaz,2005,0.0
kaz,2010,0.0
ken,2000,0.0
ken,2005,0.0
ken,2010,0.0
kgz,2000,0.0
kgz,2005,0.0
kgz,2010,0.0
khm,2000,0.0
khm,2005,0.0
khm,2010,0.0
kir,2000,0.0
kir,2005,0.0
kir,2010,0.0
kna,2000,0.0
kna,2005,0.0
kna,2010,0.0
kor,2000,0.0
kor,2005,0.0
kor,2010,0.0
kwt,2000,0.0
kwt,2005,0.0
kwt,2010,0.0
lao,2000,0.0
lao,2005,0.0
lao,2010,0.0
lbn,2000,0.0
lbn,2005,0.0
lbn,2010,0.0
lbr,2000,0.0
lbr,2005,0.0
lbr,2010,0.0
lby,2000,0.0
lby,2005,0.0
lby,2010,0.0
lca,2000,0.0
lca,2005,0.0
lca,2010,0.0
lie,2000,0.0
lie,2005,0.0
lie,2010,0.0
lka,2000,0.0
lka,2005,0.0
lka,2010,0.0
lso,2000,0.0
lso,2005,0.0
lso,2010,0.0
ltu,2000,0.0
ltu,2005,0.0
ltu,2010,0.0
lux,2000,0.0
lux,2005,0.0
lux,2010,0.0
lva,2000,0.0
lva,2005,0.0
lva,2010,0.0
maf,2000,0.0
maf,2005,0.0
maf,2010,0.0
mar,2000,0.0
mar,2005,0.0
mar,2010,0.0
mco,2000,0.0
mco,2005,0.0
mco,2010,0.0
mda,2000,0.0
mda,2005,0.0
mda,2010,0.0
mdg,2000,0.0
mdg,2005,0.0
mdg,2010,0.0
mdv,2000,0.0
mdv,2005,0.0
mdv,2010,0.0
mex,2000,0.0
mex,2005,0.0
mex,2010,0.0
mhl,2000,0.0
mhl,2005,0.0
mhl,2010,0.0
mkd,2000,0.0
mkd,2005,0.0
mkd,2010,0.0
mli,2000,0.0
mli,2005,0.0
mli,2010,0.0
mlt,2000,0.0
mlt,2005,0.0
mlt,2010,0.0
mmr,2000,0.0
mmr,2005,0.0
mmr,2010,0.0
mne,2000,0.0
mne,2005,0.0
mne,2010,0.0
mng,2000,0.0
mng,2005,0.0
mng,2010,0.0
mnp,2000,0.0
mnp,2005,0.0
mnp,2010,0.0
moz,2000,0.0
moz,2005,0.0
moz,2010,0.0
mrt,2000,0.0
mrt,2005,0.0
mrt,2010,0.0
msr,2000,0.0
msr,2005,0.0
msr,2010,0.0
mtq,2000,0.0
mtq,2005,0.0
mtq,2010,0.0
mus,2000,0.0
mus,2005,0.0
mus,2010,0.0
mwi,2000,0.0
mwi,2005,0.0
mwi,2010,0.0
mys,2000,0.0
mys,2005,0.0
mys,2010,0.0
myt,2000,0.0
myt,2005,0.0
myt,2010,0.0
nam,2000,0.0
nam,2005,0.0
nam,2010,0.0
ncl,2000,0.0
ncl,2005,0.0
ncl,2010,0.0
ner,2000,0.0
ner,2005,0.0
ner,2010,0.0
nfk,2000,0.0
nfk,2005,0.0
nfk,2010,0.0
nga,2000,0.0
nga,2005,0.0
nga,2010,0.0
nic,2000,0.0
nic,2005,0.0
nic,2010,0.0
niu,2000,0.0
niu,2005,0.0
niu,2010,0.0
nld,2000,0.0
nld,2005,0.0
nld,2010,0.0
nor,2000,0.0
nor,2005,0.0
nor,2010,0.0
npl,2000,0.0
npl,2005,0.0
npl,2010,0.0
nru,2000,0.0
nru,2005,0.0
nru,2010,0.0
nzl,2000,0.0
nzl,2005,0.0
nzl,2010,0.0
omn,2000,0.0
omn,2005,0.0
omn,2010,0.0
pak,2000,0.0
pak,2005,0.0
pak,2010,0.0
pan,2000,0.0
pan,2005,0.0
pan,2010,0.0
pcn,2000,0.0
pcn,2005,0.0
pcn,2010,0.0
per,2000,0.0
per,2005,0.0
per,2010,0.0
phl,2000,0.0
phl,2005,0.0
phl,2010,0.0
plw,2000,0.0
plw,2005,0.0
plw,2010,0.0
png,2000,0.0
png,2005,0.0
png,2010,0.0
pol,2000,0.0
pol,2005,0.0
pol,2010,0.0
pri,2000,0.0
pri,2005,0.0
pri,2010,0.0
prk,2000,0.0
prk,2005,0.0
prk,2010,0.0
prt,2000,0.0
prt,2005,0.0
prt,2010,0.0
pry,2000,0.0
pry,2005,0.0
pry,2010,0.0
pse,2000,0.0
pse,2005,0.0
pse,2010,0.0
pyf,2000,0.0
pyf,2005,0.0
pyf,2010,0.0
qat,2000,0.0
qat,2005,0.0
qat,2010,0.0
reu,2000,0.0
reu,2005,0.0
reu,2010,0.0
rou,2000,0.0
rou,2005,0.0
rou,2010,0.0
rus,2000,0.0
rus,2005,0.0
rus,2010,0.0
rwa,2000,0.0
rwa,2005,0.0
rwa,2010,0.0
sau,2000,0.0
sau,2005,0.0
sau,2010,0.0
sdn,2000,0.0
sdn,2005,0.0
sdn,2010,0.0
sen,2000,0.0
sen,2005,0.0
sen,2010,0.0
sgp,2000,0.0
sgp,2005,0.0
sgp,2010,0.0
shn,2000,0.0
shn,2005,0.0
shn,2010,0.0
sjm,2000,0.0
sjm,2005,0.0
sjm,2010,0.0
slb,2000,0.0
slb,2005,0.0
slb,2010,0.0
sle,2000,0.0
sle,2005,0.0
sle,2010,0.0
slv,2000,0.0
slv,2005,0.0
slv,2010,0.0
smr,2000,0.0
smr,2005,0.0
smr,2010,0.0
som,2000,0.0
som,2005,0.0
som,2010,0.0
spm,2000,0.0
spm,2005,0.0
spm,2010,0.0
srb,2000,0.0
srb,2005,0.0
srb,2010,0.0
ssd,2000,0.0
ssd,2005,0.0
ssd,2010,0.0
stp,2000,0.0
stp,2005,0.0
stp,2010,0.0
sur,2000,0.0
sur,2005,0.0
sur,2010,0.0
svk,2000,0.0
svk,2005,0.0
svk,2010,0.0
svn,2000,0.0
svn,2005,0.0
svn,2010,0.0
swe,2000,0.0
swe,2005,0.0
swe,2010,0.0
swz,2000,0.0
swz,2005,0.0
swz,2010,0.0
syc,2000,0.0
syc,2005,0.0
syc,2010,0.0
syr,2000,0.0
syr,2005,0.0
syr,2010,0.0
tca,2000,0.0
tca,2005,0.0
tca,2010,0.0
tcd,2000,0.0
tcd,2005,0.0
tcd,2010,0.0
tgo,2000,0.0
tgo,2005,0.0
tgo,2010,0.0
tha,2000,0.0
tha,2005,0.0
tha,2010,0.0
tjk,2000,0.0
tjk,2005,0.0
tjk,2010,0.0
tkl,2000,0.0
tkl,2005,0.0
tkl,2010,0.0
tkm,2000,0.0
tkm,2005,0.0
tkm,2010,0.0
tls,2000,0.0
tls,2005,0.0
tls,2010,0.0
ton,2000,0.0
ton,2005,0.0
ton,2010,0.0
tto,2000,0.0
tun,2000,0.0
tur,2000,0.0
tur,2005,0.0
tur,2010,0.0
tuv,2000,0.0
tuv,2005,0.0
tuv,2010,0.0
tza,2000,0.0
tza,2005,0.0
tza,2010,0.0
uga,2000,0.0
uga,2005,0.0
uga,2010,0.0
ukr,2000,0.0
ukr,2005,0.0
ukr,2010,0.0
ury,2000,0.0
ury,2005,0.0
ury,2010,0.0
usa,2000,7434.0
usa,2005,22190.0
usa,2010,26572.0
uzb,2000,0.0
uzb,2005,0.0
uzb,2010,0.0
vat,2000,0.0
vat,2005,0.0
vat,2010,0.0
vct,2000,0.0
vct,2005,0.0
vct,2010,0.0
ven,2000,0.0
ven,2005,0.0
ven,2010,0.0
vgb,2000,0.0
vgb,2005,0.0
vgb,2010,0.0
vir,2000,0.0
vir,2005,0.0
vir,2010,0.0
vnm,2000,0.0
vnm,2005,0.0
vnm,2010,0.0
vut,2000,0.0
vut,2005,0.0
vut,2010,0.0
wlf,2000,0.0
wlf,2005,0.0
wlf,2010,0.0
wsm,2000,0.0
wsm,2005,0.0
wsm,2010,0.0
yem,2000,0.0
yem,2005,0.0
yem,2010,0.0
zaf,2000,0.0
zaf,2005,0.0
zaf,2010,0.0
zmb,2000,0.0
zmb,2005,0.0
zmb,2010,0.0
zwe,2000,0.0
zwe,2005,0.0
zwe,2010,0.0
abw,2000,0.0
abw,2001,0.0
abw,2002,0.0
abw,2003,0.0
abw,2004,0.0
abw,2005,0.0
abw,2006,0.0
abw,2007,0.0
abw,2008,0.0
abw,2009,0.0
abw,2010,0.0
abw,2011,0.0
abw,2012,0.0
afg,2000,0.0
afg,2001,0.0
afg,2002,0.0
afg,2003,0.0
afg,2004,0.0
afg,2005,0.0
afg,2006,0.0
afg,2007,0.0
afg,2008,0.0
afg,2009,0.0
afg,2010,0.0
afg,2011,0.0
afg,2012,0.0
ago,2000,0.0
ago,2001,0.0
ago,2002,0.0
ago,2003,0.0
ago,2004,0.0
ago,2005,0.0
ago,2006,0.0
ago,2007,0.0
ago,2008,0.0
ago,2009,0.0
ago,2010,0.0
ago,2011,0.0
ago,2012,0.0
aia,2000,0.0
aia,2001,0.0
aia,2002,0.0
aia,2003,0.0
aia,2004,0.0
aia,2005,0.0
aia,2006,0.0
aia,2007,0.0
aia,2008,0.0
aia,2009,0.0
aia,2010,0.0
aia,2011,0.0
aia,2012,0.0
alb,2000,0.0
alb,2001,0.0
alb,2002,0.0
alb,2003,0.0
alb,2004,0.0
alb,2005,0.0
alb,2006,0.0
alb,2007,0.0
alb,2008,0.0
alb,2009,0.0
alb,2010,0.0
alb,2011,0.0
alb,2012,0.0
and,2000,0.0
and,2001,0.0
and,2002,0.0
and,2003,0.0
and,2004,0.0
and,2005,0.0
and,2006,0.0
and,2007,0.0
and,2008,0.0
and,2009,0.0
and,2010,0.0
and,2011,0.0
and,2012,0.0
ant,2000,0.0
ant,2001,0.0
ant,2002,0.0
ant,2003,0.0
ant,2004,0.0
ant,2005,0.0
ant,2006,0.0
ant,2007,0.0
ant,2008,0.0
ant,2009,0.0
ant,2010,0.0
ant,2011,0.0
ant,2012,0.0
are,2000,0.0
are,2001,0.0
are,2002,0.0
are,2003,0.0
are,2004,0.0
are,2005,0.0
are,2006,0.0
are,2007,0.0
are,2008,0.0
are,2009,0.0
are,2010,0.0
are,2011,0.0
are,2012,0.0
arg,2000,0.0
arg,2001,0.0
arg,2002,0.0
arg,2003,0.0
arg,2004,0.0
arg,2005,0.0
arg,2006,0.0
arg,2007,0.0
arg,2008,0.0
arg,2009,0.0
arg,2010,0.0
arg,2011,0.0
arg,2012,0.0
arm,2000,0.0
arm,2001,0.0
arm,2002,0.0
arm,2003,0.0
arm,2004,0.0
arm,2005,0.0
arm,2006,0.0
arm,2007,0.0
arm,2008,0.0
arm,2009,0.0
arm,2010,0.0
arm,2011,0.0
arm,2012,0.0
asm,2000,0.0
asm,2001,0.0
asm,2002,0.0
asm,2003,0.0
asm,2004,0.0
asm,2005,0.0
asm,2006,0.0
asm,2007,0.0
asm,2008,0.0
asm,2009,0.0
asm,2010,0.0
asm,2011,0.0
asm,2012,0.0
atg,2000,0.0
atg,2001,0.0
atg,2002,0.0
atg,2003,0.0
atg,2004,0.0
atg,2005,0.0
atg,2006,0.0
atg,2007,0.0
atg,2008,0.0
atg,2009,0.0
atg,2010,0.0
atg,2011,0.0
atg,2012,0.0
aus,2000,0.0
aus,2001,0.0
aus,2002,0.0
aus,2003,0.0
aus,2004,0.0
aus,2005,0.0
aus,2006,0.0
aus,2007,0.0
aus,2008,0.0
aus,2009,0.0
aus,2010,0.0
aus,2011,0.0
aus,2012,0.0
aut,2000,0.0
aut,2001,0.0
aut,2002,0.0
aut,2003,0.0
aut,2004,0.0
aut,2005,0.0
aut,2006,0.0
aut,2007,0.0
aut,2008,0.0
aut,2009,0.0
aut,2010,0.0
aut,2011,0.0
aut,2012,0.0
aze,2000,0.0
aze,2001,0.0
aze,2002,0.0
aze,2003,0.0
aze,2004,0.0
aze,2005,0.0
aze,2006,0.0
aze,2007,0.0
aze,2008,0.0
aze,2009,0.0
aze,2010,0.0
aze,2011,0.0
aze,2012,0.0
bdi,2000,0.0
bdi,2001,0.0
bdi,2002,0.0
bdi,2003,0.0
bdi,2004,0.0
bdi,2005,0.0
bdi,2006,0.0
bdi,2007,0.0
bdi,2008,0.0
bdi,2009,0.0
bdi,2010,0.0
bdi,2011,0.0
bdi,2012,0.0
bel,2000,0.0
bel,2001,0.0
bel,2002,0.0
bel,2003,0.0
bel,2004,0.0
bel,2005,0.0
bel,2006,0.0
bel,2007,0.0
bel,2008,0.0
bel,2009,0.0
bel,2010,0.0
bel,2011,0.0
bel,2012,0.0
ben,2000,0.0
ben,2001,0.0
ben,2002,0.0
ben,2003,0.0
ben,2004,0.0
ben,2005,0.0
ben,2006,0.0
ben,2007,0.0
ben,2008,0.0
ben,2009,0.0
ben,2010,0.0
ben,2011,0.0
ben,2012,0.0
bfa,2000,0.0
bfa,2001,0.0
bfa,2002,0.0
bfa,2003,0.0
bfa,2004,0.0
bfa,2005,0.0
bfa,2006,0.0
bfa,2007,0.0
bfa,2008,0.0
bfa,2009,0.0
bfa,2010,0.0
bfa,2011,0.0
bfa,2012,0.0
bgd,2000,0.0
bgd,2001,0.0
bgd,2002,0.0
bgd,2003,0.0
bgd,2004,0.0
bgd,2005,0.0
bgd,2006,0.0
bgd,2007,0.0
bgd,2008,0.0
bgd,2009,0.0
bgd,2010,0.0
bgd,2011,0.0
bgd,2012,0.0
bgr,2000,0.0
bgr,2001,0.0
bgr,2002,0.0
bgr,2003,0.0
bgr,2004,0.0
bgr,2005,0.0
bgr,2006,0.0
bgr,2007,0.0
bgr,2008,0.0
bgr,2009,0.0
bgr,2010,0.0
bgr,2011,0.0
bgr,2012,0.0
bhr,2000,0.0
bhr,2001,0.0
bhr,2002,0.0
bhr,2003,0.0
bhr,2004,0.0
bhr,2005,0.0
bhr,2006,0.0
bhr,2007,0.0
bhr,2008,0.0
bhr,2009,0.0
bhr,2010,0.0
bhr,2011,0.0
bhr,2012,0.0
bhs,2000,0.0
bhs,2001,0.0
bhs,2002,0.0
bhs,2003,0.0
bhs,2004,0.0
bhs,2005,0.0
bhs,2006,0.0
bhs,2007,0.0
bhs,2008,0.0
bhs,2009,0.0
bhs,2010,0.0
bhs,2011,0.0
bhs,2012,0.0
bih,2000,0.0
bih,2001,0.0
bih,2002,0.0
bih,2003,0.0
bih,2004,0.0
bih,2005,0.0
bih,2006,0.0
bih,2007,0.0
bih,2008,0.0
bih,2009,0.0
bih,2010,0.0
bih,2011,0.0
bih,2012,0.0
blm,2000,0.0
blm,2001,0.0
blm,2002,0.0
blm,2003,0.0
blm,2004,0.0
blm,2005,0.0
blm,2006,0.0
blm,2007,0.0
blm,2008,0.0
blm,2009,0.0
blm,2010,0.0
blm,2011,0.0
blm,2012,0.0
blr,2000,0.0
blr,2001,0.0
blr,2002,0.0
blr,2003,0.0
blr,2004,0.0
blr,2005,0.0
blr,2006,0.0
blr,2007,0.0
blr,2008,0.0
blr,2009,0.0
blr,2010,0.0
blr,2011,0.0
blr,2012,0.0
blz,2000,0.0
blz,2001,0.0
blz,2002,0.0
blz,2003,0.0
blz,2004,0.0
blz,2005,0.0
blz,2006,0.0
blz,2007,0.0
blz,2008,0.0
blz,2009,0.0
blz,2010,0.0
blz,2011,0.0
blz,2012,0.0
bmu,2000,0.0
bmu,2001,0.0
bmu,2002,0.0
bmu,2003,0.0
bmu,2004,0.0
bmu,2005,0.0
bmu,2006,0.0
bmu,2007,0.0
bmu,2008,0.0
bmu,2009,0.0
bmu,2010,0.0
bmu,2011,0.0
bmu,2012,0.0
bol,2000,0.0
bol,2001,0.0
bol,2002,0.0
bol,2003,0.0
bol,2004,0.0
bol,2005,0.0
bol,2006,0.0
bol,2007,0.0
bol,2008,0.0
bol,2009,0.0
bol,2010,0.0
bol,2011,0.0
bol,2012,0.0
bra,2000,0.0
bra,2001,0.0
bra,2002,0.0
bra,2003,0.0
bra,2004,0.0
bra,2005,0.0
bra,2006,0.0
bra,2007,0.0
bra,2008,0.0
bra,2009,0.0
bra,2010,0.0
bra,2011,0.0
bra,2012,0.0
brb,2000,0.0
brb,2001,0.0
brb,2002,0.0
brb,2003,0.0
brb,2004,0.0
brb,2005,0.0
brb,2006,0.0
brb,2007,0.0
brb,2008,0.0
brb,2009,0.0
brb,2010,0.0
brb,2011,0.0
brb,2012,0.0
brn,2000,0.0
brn,2001,0.0
brn,2002,0.0
brn,2003,0.0
brn,2004,0.0
brn,2005,0.0
brn,2006,0.0
brn,2007,0.0
brn,2008,0.0
brn,2009,0.0
brn,2010,0.0
brn,2011,0.0
brn,2012,0.0
btn,2000,0.0
btn,2001,0.0
btn,2002,0.0
btn,2003,0.0
btn,2004,0.0
btn,2005,0.0
btn,2006,0.0
btn,2007,0.0
btn,2008,0.0
btn,2009,0.0
btn,2010,0.0
btn,2011,0.0
btn,2012,0.0
bwa,2000,0.0
bwa,2001,0.0
bwa,2002,0.0
bwa,2003,0.0
bwa,2004,0.0
bwa,2005,0.0
bwa,2006,0.0
bwa,2007,0.0
bwa,2008,0.0
bwa,2009,0.0
bwa,2010,0.0
bwa,2011,0.0
bwa,2012,0.0
caf,2000,0.0
caf,2001,0.0
caf,2002,0.0
caf,2003,0.0
caf,2004,0.0
caf,2005,0.0
caf,2006,0.0
caf,2007,0.0
caf,2008,0.0
caf,2009,0.0
caf,2010,0.0
caf,2011,0.0
caf,2012,0.0
can,2000,0.0
can,2001,0.0
can,2002,0.0
can,2003,0.0
can,2004,0.0
can,2005,0.0
can,2006,0.0
can,2007,0.0
can,2008,0.0
can,2009,0.0
can,2010,0.0
can,2011,0.0
can,2012,0.0
che,2000,0.0
che,2001,0.0
che,2002,0.0
che,2003,0.0
che,2004,0.0
che,2005,0.0
che,2006,0.0
che,2007,0.0
che,2008,0.0
che,2009,0.0
che,2010,0.0
che,2011,0.0
che,2012,0.0
chl,2000,0.0
chl,2001,0.0
chl,2002,0.0
chl,2003,0.0
chl,2004,0.0
chl,2005,0.0
chl,2006,0.0
chl,2007,0.0
chl,2008,0.0
chl,2009,0.0
chl,2010,0.0
chl,2011,0.0
chl,2012,0.0
chn,2000,0.0
chn,2001,0.0
chn,2002,0.0
chn,2003,0.0
chn,2004,0.0
chn,2005,0.0
chn,2006,0.0
chn,2007,0.0
chn,2008,0.0
chn,2009,0.0
chn,2010,0.0
chn,2011,0.0
chn,2012,0.0
civ,2000,0.0
civ,2001,0.0
civ,2002,0.0
civ,2003,0.0
civ,2004,0.0
civ,2005,0.0
civ,2006,0.0
civ,2007,0.0
civ,2008,0.0
civ,2009,0.0
civ,2010,0.0
civ,2011,0.0
civ,2012,0.0
cmr,2000,0.0
cmr,2001,0.0
cmr,2002,0.0
cmr,2003,0.0
cmr,2004,0.0
cmr,2005,0.0
cmr,2006,0.0
cmr,2007,0.0
cmr,2008,0.0
cmr,2009,0.0
cmr,2010,0.0
cmr,2011,0.0
cmr,2012,0.0
cod,2000,0.0
cod,2001,0.0
cod,2002,0.0
cod,2003,0.0
cod,2004,0.0
cod,2005,0.0
cod,2006,0.0
cod,2007,0.0
cod,2008,0.0
cod,2009,0.0
cod,2010,0.0
cod,2011,0.0
cod,2012,0.0
cog,2000,0.0
cog,2001,0.0
cog,2002,0.0
cog,2003,0.0
cog,2004,0.0
cog,2005,0.0
cog,2006,0.0
cog,2007,0.0
cog,2008,0.0
cog,2009,0.0
cog,2010,0.0
cog,2011,0.0
cog,2012,0.0
cok,2000,0.0
cok,2001,0.0
cok,2002,0.0
cok,2003,0.0
cok,2004,0.0
cok,2005,0.0
cok,2006,0.0
cok,2007,0.0
cok,2008,0.0
cok,2009,0.0
cok,2010,0.0
cok,2011,0.0
cok,2012,0.0
col,2000,0.0
col,2001,0.0
col,2002,0.0
col,2003,0.0
col,2004,0.0
col,2005,0.0
col,2006,0.0
col,2007,0.0
col,2008,0.0
col,2009,0.0
col,2010,0.0
col,2011,0.0
col,2012,0.0
com,2000,0.0
com,2001,0.0
com,2002,0.0
com,2003,0.0
com,2004,0.0
com,2005,0.0
com,2006,0.0
com,2007,0.0
com,2008,0.0
com,2009,0.0
com,2010,0.0
com,2011,0.0
com,2012,0.0
cpv,2000,0.0
cpv,2001,0.0
cpv,2002,0.0
cpv,2003,0.0
cpv,2004,0.0
cpv,2005,0.0
cpv,2006,0.0
cpv,2007,0.0
cpv,2008,0.0
cpv,2009,0.0
cpv,2010,0.0
cpv,2011,0.0
cpv,2012,0.0
cri,2000,0.0
cri,2001,0.0
cri,2002,0.0
cri,2003,0.0
cri,2004,0.0
cri,2005,0.0
cri,2006,0.0
cri,2007,0.0
cri,2008,0.0
cri,2009,0.0
cri,2010,0.0
cri,2011,0.0
cri,2012,0.0
cub,2000,0.0
cub,2001,0.0
cub,2002,0.0
cub,2003,0.0
cub,2004,0.0
cub,2005,0.0
cub,2006,0.0
cub,2007,0.0
cub,2008,0.0
cub,2009,0.0
cub,2010,0.0
cub,2011,0.0
cub,2012,0.0
cym,2000,0.0
cym,2001,0.0
cym,2002,0.0
cym,2003,0.0
cym,2004,0.0
cym,2005,0.0
cym,2006,0.0
cym,2007,0.0
cym,2008,0.0
cym,2009,0.0
cym,2010,0.0
cym,2011,0.0
cym,2012,0.0
cyp,2000,0.0
cyp,2001,0.0
cyp,2002,0.0
cyp,2003,0.0
cyp,2004,0.0
cyp,2005,0.0
cyp,2006,0.0
cyp,2007,0.0
cyp,2008,0.0
cyp,2009,0.0
cyp,2010,0.0
cyp,2011,0.0
cyp,2012,0.0
cze,2000,0.0
cze,2001,0.0
cze,2002,0.0
cze,2003,0.0
cze,2004,0.0
cze,2005,0.0
cze,2006,0.0
cze,2007,0.0
cze,2008,0.0
cze,2009,0.0
cze,2010,0.0
cze,2011,0.0
cze,2012,0.0
deu,2000,0.0
deu,2001,0.0
deu,2002,0.0
deu,2003,0.0
deu,2004,0.0
deu,2005,0.0
deu,2006,0.0
deu,2007,0.0
deu,2008,0.0
deu,2009,0.0
deu,2010,0.0
deu,2011,0.0
deu,2012,0.0
dji,2000,0.0
dji,2001,0.0
dji,2002,0.0
dji,2003,0.0
dji,2004,0.0
dji,2005,0.0
dji,2006,0.0
dji,2007,0.0
dji,2008,0.0
dji,2009,0.0
dji,2010,0.0
dji,2011,0.0
dji,2012,0.0
dma,2000,0.0
dma,2001,0.0
dma,2002,0.0
dma,2003,0.0
dma,2004,0.0
dma,2005,0.0
dma,2006,0.0
dma,2007,0.0
dma,2008,0.0
dma,2009,0.0
dma,2010,0.0
dma,2011,0.0
dma,2012,0.0
dnk,2000,0.0
dnk,2001,0.0
dnk,2002,0.0
dnk,2003,0.0
dnk,2004,0.0
dnk,2005,0.0
dnk,2006,0.0
dnk,2007,0.0
dnk,2008,0.0
dnk,2009,0.0
dnk,2010,0.0
dnk,2011,0.0
dnk,2012,0.0
dom,2000,0.0
dom,2001,0.0
dom,2002,0.0
dom,2003,0.0
dom,2004,0.0
dom,2005,0.0
dom,2006,0.0
dom,2007,0.0
dom,2008,0.0
dom,2009,0.0
dom,2010,0.0
dom,2011,0.0
dom,2012,0.0
dza,2000,0.0
dza,2001,0.0
dza,2002,0.0
dza,2003,0.0
dza,2004,0.0
dza,2005,0.0
dza,2006,0.0
dza,2007,0.0
dza,2008,0.0
dza,2009,0.0
dza,2010,0.0
dza,2011,0.0
dza,2012,0.0
ecu,2000,0.0
ecu,2001,0.0
ecu,2002,0.0
ecu,2003,0.0
ecu,2004,0.0
ecu,2005,0.0
ecu,2006,0.0
ecu,2007,0.0
ecu,2008,0.0
ecu,2009,0.0
ecu,2010,0.0
ecu,2011,0.0
ecu,2012,0.0
egy,2000,0.0
egy,2001,0.0
egy,2002,0.0
egy,2003,0.0
egy,2004,0.0
egy,2005,0.0
egy,2006,0.0
egy,2007,0.0
egy,2008,0.0
egy,2009,0.0
egy,2010,0.0
egy,2011,0.0
egy,2012,0.0
eri,2000,0.0
eri,2001,0.0
eri,2002,0.0
eri,2003,0.0
eri,2004,0.0
eri,2005,0.0
eri,2006,0.0
eri,2007,0.0
eri,2008,0.0
eri,2009,0.0
eri,2010,0.0
eri,2011,0.0
eri,2012,0.0
esh,2000,0.0
esh,2001,0.0
esh,2002,0.0
esh,2003,0.0
esh,2004,0.0
esh,2005,0.0
esh,2006,0.0
esh,2007,0.0
esh,2008,0.0
esh,2009,0.0
esh,2010,0.0
esh,2011,0.0
esh,2012,0.0
esp,2000,0.0
esp,2001,0.0
esp,2002,0.0
esp,2003,0.0
esp,2004,0.0
esp,2005,0.0
esp,2006,0.0
esp,2007,0.0
esp,2008,0.0
esp,2009,0.0
esp,2010,0.0
esp,2011,0.0
esp,2012,0.0
est,2000,0.0
est,2001,0.0
est,2002,0.0
est,2003,0.0
est,2004,0.0
est,2005,0.0
est,2006,0.0
est,2007,0.0
est,2008,0.0
est,2009,0.0
est,2010,0.0
est,2011,0.0
est,2012,0.0
eth,2000,0.0
eth,2001,0.0
eth,2002,0.0
eth,2003,0.0
eth,2004,0.0
eth,2005,0.0
eth,2006,0.0
eth,2007,0.0
eth,2008,0.0
eth,2009,0.0
eth,2010,0.0
eth,2011,0.0
eth,2012,0.0
fin,2000,0.0
fin,2001,0.0
fin,2002,0.0
fin,2003,0.0
fin,2004,0.0
fin,2005,0.0
fin,2006,0.0
fin,2007,0.0
fin,2008,0.0
fin,2009,0.0
fin,2010,0.0
fin,2011,0.0
fin,2012,0.0
fji,2000,0.0
fji,2001,0.0
fji,2002,0.0
fji,2003,0.0
fji,2004,0.0
fji,2005,0.0
fji,2006,0.0
fji,2007,0.0
fji,2008,0.0
fji,2009,0.0
fji,2010,0.0
fji,2011,0.0
fji,2012,0.0
flk,2000,0.0
flk,2001,0.0
flk,2002,0.0
flk,2003,0.0
flk,2004,0.0
flk,2005,0.0
flk,2006,0.0
flk,2007,0.0
flk,2008,0.0
flk,2009,0.0
flk,2010,0.0
flk,2011,0.0
flk,2012,0.0
fra,2000,0.0
fra,2001,0.0
fra,2002,0.0
fra,2003,0.0
fra,2004,0.0
fra,2005,0.0
fra,2006,0.0
fra,2007,0.0
fra,2008,0.0
fra,2009,0.0
fra,2010,0.0
fra,2011,0.0
fra,2012,0.0
fro,2000,0.0
fro,2001,0.0
fro,2002,0.0
fro,2003,0.0
fro,2004,0.0
fro,2005,0.0
fro,2006,0.0
fro,2007,0.0
fro,2008,0.0
fro,2009,0.0
fro,2010,0.0
fro,2011,0.0
fro,2012,0.0
fsm,2000,0.0
fsm,2001,0.0
fsm,2002,0.0
fsm,2003,0.0
fsm,2004,0.0
fsm,2005,0.0
fsm,2006,0.0
fsm,2007,0.0
fsm,2008,0.0
fsm,2009,0.0
fsm,2010,0.0
fsm,2011,0.0
fsm,2012,0.0
gab,2000,0.0
gab,2001,0.0
gab,2002,0.0
gab,2003,0.0
gab,2004,0.0
gab,2005,0.0
gab,2006,0.0
gab,2007,0.0
gab,2008,0.0
gab,2009,0.0
gab,2010,0.0
gab,2011,0.0
gab,2012,0.0
gbr,2000,0.0
gbr,2001,0.0
gbr,2002,0.0
gbr,2003,0.0
gbr,2004,0.0
gbr,2005,0.0
gbr,2006,0.0
gbr,2007,0.0
gbr,2008,0.0
gbr,2009,0.0
gbr,2010,0.0
gbr,2011,0.0
gbr,2012,0.0
geo,2000,0.0
geo,2001,0.0
geo,2002,0.0
geo,2003,0.0
geo,2004,0.0
geo,2005,0.0
geo,2006,0.0
geo,2007,0.0
geo,2008,0.0
geo,2009,0.0
geo,2010,0.0
geo,2011,0.0
geo,2012,0.0
ggy,2000,0.0
ggy,2001,0.0
ggy,2002,0.0
ggy,2003,0.0
ggy,2004,0.0
ggy,2005,0.0
ggy,2006,0.0
ggy,2007,0.0
ggy,2008,0.0
ggy,2009,0.0
ggy,2010,0.0
ggy,2011,0.0
ggy,2012,0.0
gha,2000,0.0
gha,2001,0.0
gha,2002,0.0
gha,2003,0.0
gha,2004,0.0
gha,2005,0.0
gha,2006,0.0
gha,2007,0.0
gha,2008,0.0
gha,2009,0.0
gha,2010,0.0
gha,2011,0.0
gha,2012,0.0
gib,2000,0.0
gib,2001,0.0
gib,2002,0.0
gib,2003,0.0
gib,2004,0.0
gib,2005,0.0
gib,2006,0.0
gib,2007,0.0
gib,2008,0.0
gib,2009,0.0
gib,2010,0.0
gib,2011,0.0
gib,2012,0.0
gin,2000,0.0
gin,2001,0.0
gin,2002,0.0
gin,2003,0.0
gin,2004,0.0
gin,2005,0.0
gin,2006,0.0
gin,2007,0.0
gin,2008,0.0
gin,2009,0.0
gin,2010,0.0
gin,2011,0.0
gin,2012,0.0
glp,2000,0.0
glp,2001,0.0
glp,2002,0.0
glp,2003,0.0
glp,2004,0.0
glp,2005,0.0
glp,2006,0.0
glp,2007,0.0
glp,2008,0.0
glp,2009,0.0
glp,2010,0.0
glp,2011,0.0
glp,2012,0.0
gmb,2000,0.0
gmb,2001,0.0
gmb,2002,0.0
gmb,2003,0.0
gmb,2004,0.0
gmb,2005,0.0
gmb,2006,0.0
gmb,2007,0.0
gmb,2008,0.0
gmb,2009,0.0
gmb,2010,0.0
gmb,2011,0.0
gmb,2012,0.0
gnb,2000,0.0
gnb,2001,0.0
gnb,2002,0.0
gnb,2003,0.0
gnb,2004,0.0
gnb,2005,0.0
gnb,2006,0.0
gnb,2007,0.0
gnb,2008,0.0
gnb,2009,0.0
gnb,2010,0.0
gnb,2011,0.0
gnb,2012,0.0
gnq,2000,0.0
gnq,2001,0.0
gnq,2002,0.0
gnq,2003,0.0
gnq,2004,0.0
gnq,2005,0.0
gnq,2006,0.0
gnq,2007,0.0
gnq,2008,0.0
gnq,2009,0.0
gnq,2010,0.0
gnq,2011,0.0
gnq,2012,0.0
grc,2000,0.0
grc,2001,0.0
grc,2002,0.0
grc,2003,0.0
grc,2004,0.0
grc,2005,0.0
grc,2006,0.0
grc,2007,0.0
grc,2008,0.0
grc,2009,0.0
grc,2010,0.0
grc,2011,0.0
grc,2012,0.0
grd,2000,0.0
grd,2001,0.0
grd,2002,0.0
grd,2003,0.0
grd,2004,0.0
grd,2005,0.0
grd,2006,0.0
grd,2007,0.0
grd,2008,0.0
grd,2009,0.0
grd,2010,0.0
grd,2011,0.0
grd,2012,0.0
grl,2000,0.0
grl,2001,0.0
grl,2002,0.0
grl,2003,0.0
grl,2004,0.0
grl,2005,0.0
grl,2006,0.0
grl,2007,0.0
grl,2008,0.0
grl,2009,0.0
grl,2010,0.0
grl,2011,0.0
grl,2012,0.0
gtm,2000,0.0
gtm,2001,0.0
gtm,2002,0.0
gtm,2003,0.0
gtm,2004,0.0
gtm,2005,0.0
gtm,2006,0.0
gtm,2007,0.0
gtm,2008,0.0
gtm,2009,0.0
gtm,2010,0.0
gtm,2011,0.0
gtm,2012,0.0
guf,2000,0.0
guf,2001,0.0
guf,2002,0.0
guf,2003,0.0
guf,2004,0.0
guf,2005,0.0
guf,2006,0.0
guf,2007,0.0
guf,2008,0.0
guf,2009,0.0
guf,2010,0.0
guf,2011,0.0
guf,2012,0.0
gum,2000,0.0
gum,2001,0.0
gum,2002,0.0
gum,2003,0.0
gum,2004,0.0
gum,2005,0.0
gum,2006,0.0
gum,2007,0.0
gum,2008,0.0
gum,2009,0.0
gum,2010,0.0
gum,2011,0.0
gum,2012,0.0
guy,2000,0.0
guy,2001,0.0
guy,2002,0.0
guy,2003,0.0
guy,2004,0.0
guy,2005,0.0
guy,2006,0.0
guy,2007,0.0
guy,2008,0.0
guy,2009,0.0
guy,2010,0.0
guy,2011,0.0
guy,2012,0.0
hnd,2000,0.0
hnd,2001,0.0
hnd,2002,0.0
hnd,2003,0.0
hnd,2004,0.0
hnd,2005,0.0
hnd,2006,0.0
hnd,2007,0.0
hnd,2008,0.0
hnd,2009,0.0
hnd,2010,0.0
hnd,2011,0.0
hnd,2012,0.0
hrv,2000,0.0
hrv,2001,0.0
hrv,2002,0.0
hrv,2003,0.0
hrv,2004,0.0
hrv,2005,0.0
hrv,2006,0.0
hrv,2007,0.0
hrv,2008,0.0
hrv,2009,0.0
hrv,2010,0.0
hrv,2011,0.0
hrv,2012,0.0
hti,2000,0.0
hti,2001,0.0
hti,2002,0.0
hti,2003,0.0
hti,2004,0.0
hti,2005,0.0
hti,2006,0.0
hti,2007,0.0
hti,2008,0.0
hti,2009,0.0
hti,2010,0.0
hti,2011,0.0
hti,2012,0.0
hun,2000,0.0
hun,2001,0.0
hun,2002,0.0
hun,2003,0.0
hun,2004,0.0
hun,2005,0.0
hun,2006,0.0
hun,2007,0.0
hun,2008,0.0
hun,2009,0.0
hun,2010,0.0
hun,2011,0.0
hun,2012,0.0
idn,2000,0.0
idn,2001,0.0
idn,2002,0.0
idn,2003,0.0
idn,2004,0.0
idn,2005,0.0
idn,2006,0.0
idn,2007,0.0
idn,2008,0.0
idn,2009,0.0
idn,2010,0.0
idn,2011,0.0
idn,2012,0.0
imn,2000,0.0
imn,2001,0.0
imn,2002,0.0
imn,2003,0.0
imn,2004,0.0
imn,2005,0.0
imn,2006,0.0
imn,2007,0.0
imn,2008,0.0
imn,2009,0.0
imn,2010,0.0
imn,2011,0.0
imn,2012,0.0
ind,2000,0.0
ind,2001,0.0
ind,2002,0.0
ind,2003,0.0
ind,2004,0.0
ind,2005,0.0
ind,2006,0.0
ind,2007,0.0
ind,2008,0.0
ind,2009,0.0
ind,2010,0.0
ind,2011,0.0
ind,2012,0.0
irl,2000,0.0
irl,2001,0.0
irl,2002,0.0
irl,2003,0.0
irl,2004,0.0
irl,2005,0.0
irl,2006,0.0
irl,2007,0.0
irl,2008,0.0
irl,2009,0.0
irl,2010,0.0
irl,2011,0.0
irl,2012,0.0
irn,2000,0.0
irn,2001,0.0
irn,2002,0.0
irn,2003,0.0
irn,2004,0.0
irn,2005,0.0
irn,2006,0.0
irn,2007,0.0
irn,2008,0.0
irn,2009,0.0
irn,2010,0.0
irn,2011,0.0
irn,2012,0.0
irq,2000,0.0
irq,2001,0.0
irq,2002,0.0
irq,2003,0.0
irq,2004,0.0
irq,2005,0.0
irq,2006,0.0
irq,2007,0.0
irq,2008,0.0
irq,2009,0.0
irq,2010,0.0
irq,2011,0.0
irq,2012,0.0
isl,2000,0.0
isl,2001,0.0
isl,2002,0.0
isl,2003,0.0
isl,2004,0.0
isl,2005,0.0
isl,2006,0.0
isl,2007,0.0
isl,2008,0.0
isl,2009,0.0
isl,2010,0.0
isl,2011,0.0
isl,2012,0.0
isr,2000,0.0
isr,2001,0.0
isr,2002,0.0
isr,2003,0.0
isr,2004,0.0
isr,2005,0.0
isr,2006,0.0
isr,2007,0.0
isr,2008,0.0
isr,2009,0.0
isr,2010,0.0
isr,2011,0.0
isr,2012,0.0
ita,2000,0.0
ita,2001,0.0
ita,2002,0.0
ita,2003,0.0
ita,2004,0.0
ita,2005,0.0
ita,2006,0.0
ita,2007,0.0
ita,2008,0.0
ita,2009,0.0
ita,2010,0.0
ita,2011,0.0
ita,2012,0.0
jam,2000,0.0
jam,2001,0.0
jam,2002,0.0
jam,2003,0.0
jam,2004,0.0
jam,2005,0.0
jam,2006,0.0
jam,2007,0.0
jam,2008,0.0
jam,2009,0.0
jam,2010,0.0
jam,2011,0.0
jam,2012,0.0
jey,2000,0.0
jey,2001,0.0
jey,2002,0.0
jey,2003,0.0
jey,2004,0.0
jey,2005,0.0
jey,2006,0.0
jey,2007,0.0
jey,2008,0.0
jey,2009,0.0
jey,2010,0.0
jey,2011,0.0
jey,2012,0.0
jor,2000,0.0
jor,2001,0.0
jor,2002,0.0
jor,2003,0.0
jor,2004,0.0
jor,2005,0.0
jor,2006,0.0
jor,2007,0.0
jor,2008,0.0
jor,2009,0.0
jor,2010,0.0
jor,2011,0.0
jor,2012,0.0
jpn,2000,0.0
jpn,2001,0.0
jpn,2002,0.0
jpn,2003,0.0
jpn,2004,0.0
jpn,2005,0.0
jpn,2006,0.0
jpn,2007,0.0
jpn,2008,0.0
jpn,2009,0.0
jpn,2010,0.0
jpn,2011,0.0
jpn,2012,0.0
kaz,2000,0.0
kaz,2001,0.0
kaz,2002,0.0
kaz,2003,0.0
kaz,2004,0.0
kaz,2005,0.0
kaz,2006,0.0
kaz,2007,0.0
kaz,2008,0.0
kaz,2009,0.0
kaz,2010,0.0
kaz,2011,0.0
kaz,2012,0.0
ken,2000,0.0
ken,2001,0.0
ken,2002,0.0
ken,2003,0.0
ken,2004,0.0
ken,2005,0.0
ken,2006,0.0
ken,2007,0.0
ken,2008,0.0
ken,2009,0.0
ken,2010,0.0
ken,2011,0.0
ken,2012,0.0
kgz,2000,0.0
kgz,2001,0.0
kgz,2002,0.0
kgz,2003,0.0
kgz,2004,0.0
kgz,2005,0.0
kgz,2006,0.0
kgz,2007,0.0
kgz,2008,0.0
kgz,2009,0.0
kgz,2010,0.0
kgz,2011,0.0
kgz,2012,0.0
khm,2000,0.0
khm,2001,0.0
khm,2002,0.0
khm,2003,0.0
khm,2004,0.0
khm,2005,0.0
khm,2006,0.0
khm,2007,0.0
khm,2008,0.0
khm,2009,0.0
khm,2010,0.0
khm,2011,0.0
khm,2012,0.0
kir,2000,0.0
kir,2001,0.0
kir,2002,0.0
kir,2003,0.0
kir,2004,0.0
kir,2005,0.0
kir,2006,0.0
kir,2007,0.0
kir,2008,0.0
kir,2009,0.0
kir,2010,0.0
kir,2011,0.0
kir,2012,0.0
kna,2000,0.0
kna,2001,0.0
kna,2002,0.0
kna,2003,0.0
kna,2004,0.0
kna,2005,0.0
kna,2006,0.0
kna,2007,0.0
kna,2008,0.0
kna,2009,0.0
kna,2010,0.0
kna,2011,0.0
kna,2012,0.0
kor,2000,0.0
kor,2001,0.0
kor,2002,0.0
kor,2003,0.0
kor,2004,0.0
kor,2005,0.0
kor,2006,0.0
kor,2007,0.0
kor,2008,0.0
kor,2009,0.0
kor,2010,0.0
kor,2011,0.0
kor,2012,0.0
kwt,2000,0.0
kwt,2001,0.0
kwt,2002,0.0
kwt,2003,0.0
kwt,2004,0.0
kwt,2005,0.0
kwt,2006,0.0
kwt,2007,0.0
kwt,2008,0.0
kwt,2009,0.0
kwt,2010,0.0
kwt,2011,0.0
kwt,2012,0.0
lao,2000,0.0
lao,2001,0.0
lao,2002,0.0
lao,2003,0.0
lao,2004,0.0
lao,2005,0.0
lao,2006,0.0
lao,2007,0.0
lao,2008,0.0
lao,2009,0.0
lao,2010,0.0
lao,2011,0.0
lao,2012,0.0
lbn,2000,0.0
lbn,2001,0.0
lbn,2002,0.0
lbn,2003,0.0
lbn,2004,0.0
lbn,2005,0.0
lbn,2006,0.0
lbn,2007,0.0
lbn,2008,0.0
lbn,2009,0.0
lbn,2010,0.0
lbn,2011,0.0
lbn,2012,0.0
lbr,2000,0.0
lbr,2001,0.0
lbr,2002,0.0
lbr,2003,0.0
lbr,2004,0.0
lbr,2005,0.0
lbr,2006,0.0
lbr,2007,0.0
lbr,2008,0.0
lbr,2009,0.0
lbr,2010,0.0
lbr,2011,0.0
lbr,2012,0.0
lby,2000,0.0
lby,2001,0.0
lby,2002,0.0
lby,2003,0.0
lby,2004,0.0
lby,2005,0.0
lby,2006,0.0
lby,2007,0.0
lby,2008,0.0
lby,2009,0.0
lby,2010,0.0
lby,2011,0.0
lby,2012,0.0
lca,2000,0.0
lca,2001,0.0
lca,2002,0.0
lca,2003,0.0
lca,2004,0.0
lca,2005,0.0
lca,2006,0.0
lca,2007,0.0
lca,2008,0.0
lca,2009,0.0
lca,2010,0.0
lca,2011,0.0
lca,2012,0.0
lie,2000,0.0
lie,2001,0.0
lie,2002,0.0
lie,2003,0.0
lie,2004,0.0
lie,2005,0.0
lie,2006,0.0
lie,2007,0.0
lie,2008,0.0
lie,2009,0.0
lie,2010,0.0
lie,2011,0.0
lie,2012,0.0
lka,2000,0.0
lka,2001,0.0
lka,2002,0.0
lka,2003,0.0
lka,2004,0.0
lka,2005,0.0
lka,2006,0.0
lka,2007,0.0
lka,2008,0.0
lka,2009,0.0
lka,2010,0.0
lka,2011,0.0
lka,2012,0.0
lso,2000,0.0
lso,2001,0.0
lso,2002,0.0
lso,2003,0.0
lso,2004,0.0
lso,2005,0.0
lso,2006,0.0
lso,2007,0.0
lso,2008,0.0
lso,2009,0.0
lso,2010,0.0
lso,2011,0.0
lso,2012,0.0
ltu,2000,0.0
ltu,2001,0.0
ltu,2002,0.0
ltu,2003,0.0
ltu,2004,0.0
ltu,2005,0.0
ltu,2006,0.0
ltu,2007,0.0
ltu,2008,0.0
ltu,2009,0.0
ltu,2010,0.0
ltu,2011,0.0
ltu,2012,0.0
lux,2000,0.0
lux,2001,0.0
lux,2002,0.0
lux,2003,0.0
lux,2004,0.0
lux,2005,0.0
lux,2006,0.0
lux,2007,0.0
lux,2008,0.0
lux,2009,0.0
lux,2010,0.0
lux,2011,0.0
lux,2012,0.0
lva,2000,0.0
lva,2001,0.0
lva,2002,0.0
lva,2003,0.0
lva,2004,0.0
lva,2005,0.0
lva,2006,0.0
lva,2007,0.0
lva,2008,0.0
lva,2009,0.0
lva,2010,0.0
lva,2011,0.0
lva,2012,0.0
maf,2000,0.0
maf,2001,0.0
maf,2002,0.0
maf,2003,0.0
maf,2004,0.0
maf,2005,0.0
maf,2006,0.0
maf,2007,0.0
maf,2008,0.0
maf,2009,0.0
maf,2010,0.0
maf,2011,0.0
maf,2012,0.0
mar,2000,0.0
mar,2001,0.0
mar,2002,0.0
mar,2003,0.0
mar,2004,0.0
mar,2005,0.0
mar,2006,0.0
mar,2007,0.0
mar,2008,0.0
mar,2009,0.0
mar,2010,0.0
mar,2011,0.0
mar,2012,0.0
mco,2000,0.0
mco,2001,0.0
mco,2002,0.0
mco,2003,0.0
mco,2004,0.0
mco,2005,0.0
mco,2006,0.0
mco,2007,0.0
mco,2008,0.0
mco,2009,0.0
mco,2010,0.0
mco,2011,0.0
mco,2012,0.0
mda,2000,0.0
mda,2001,0.0
mda,2002,0.0
mda,2003,0.0
mda,2004,0.0
mda,2005,0.0
mda,2006,0.0
mda,2007,0.0
mda,2008,0.0
mda,2009,0.0
mda,2010,0.0
mda,2011,0.0
mda,2012,0.0
mdg,2000,0.0
mdg,2001,0.0
mdg,2002,0.0
mdg,2003,0.0
mdg,2004,0.0
mdg,2005,0.0
mdg,2006,0.0
mdg,2007,0.0
mdg,2008,0.0
mdg,2009,0.0
mdg,2010,0.0
mdg,2011,0.0
mdg,2012,0.0
mdv,2000,0.0
mdv,2001,0.0
mdv,2002,0.0
mdv,2003,0.0
mdv,2004,0.0
mdv,2005,0.0
mdv,2006,0.0
mdv,2007,0.0
mdv,2008,0.0
mdv,2009,0.0
mdv,2010,0.0
mdv,2011,0.0
mdv,2012,0.0
mex,2000,0.0
mex,2001,0.0
mex,2002,0.0
mex,2003,0.0
mex,2004,0.0
mex,2005,0.0
mex,2006,0.0
mex,2007,0.0
mex,2008,0.0
mex,2009,0.0
mex,2010,0.0
mex,2011,0.0
mex,2012,0.0
mhl,2000,0.0
mhl,2001,0.0
mhl,2002,0.0
mhl,2003,0.0
mhl,2004,0.0
mhl,2005,0.0
mhl,2006,0.0
mhl,2007,0.0
mhl,2008,0.0
mhl,2009,0.0
mhl,2010,0.0
mhl,2011,0.0
mhl,2012,0.0
mkd,2000,0.0
mkd,2001,0.0
mkd,2002,0.0
mkd,2003,0.0
mkd,2004,0.0
mkd,2005,0.0
mkd,2006,0.0
mkd,2007,0.0
mkd,2008,0.0
mkd,2009,0.0
mkd,2010,0.0
mkd,2011,0.0
mkd,2012,0.0
mli,2000,0.0
mli,2001,0.0
mli,2002,0.0
mli,2003,0.0
mli,2004,0.0
mli,2005,0.0
mli,2006,0.0
mli,2007,0.0
mli,2008,0.0
mli,2009,0.0
mli,2010,0.0
mli,2011,0.0
mli,2012,0.0
mlt,2000,0.0
mlt,2001,0.0
mlt,2002,0.0
mlt,2003,0.0
mlt,2004,0.0
mlt,2005,0.0
mlt,2006,0.0
mlt,2007,0.0
mlt,2008,0.0
mlt,2009,0.0
mlt,2010,0.0
mlt,2011,0.0
mlt,2012,0.0
mmr,2000,0.0
mmr,2001,0.0
mmr,2002,0.0
mmr,2003,0.0
mmr,2004,0.0
mmr,2005,0.0
mmr,2006,0.0
mmr,2007,0.0
mmr,2008,0.0
mmr,2009,0.0
mmr,2010,0.0
mmr,2011,0.0
mmr,2012,0.0
mne,2000,0.0
mne,2001,0.0
mne,2002,0.0
mne,2003,0.0
mne,2004,0.0
mne,2005,0.0
mne,2006,0.0
mne,2007,0.0
mne,2008,0.0
mne,2009,0.0
mne,2010,0.0
mne,2011,0.0
mne,2012,0.0
mng,2000,0.0
mng,2001,0.0
mng,2002,0.0
mng,2003,0.0
mng,2004,0.0
mng,2005,0.0
mng,2006,0.0
mng,2007,0.0
mng,2008,0.0
mng,2009,0.0
mng,2010,0.0
mng,2011,0.0
mng,2012,0.0
mnp,2000,0.0
mnp,2001,0.0
mnp,2002,0.0
mnp,2003,0.0
mnp,2004,0.0
mnp,2005,0.0
mnp,2006,0.0
mnp,2007,0.0
mnp,2008,0.0
mnp,2009,0.0
mnp,2010,0.0
mnp,2011,0.0
mnp,2012,0.0
moz,2000,0.0
moz,2001,0.0
moz,2002,0.0
moz,2003,0.0
moz,2004,0.0
moz,2005,0.0
moz,2006,0.0
moz,2007,0.0
moz,2008,0.0
moz,2009,0.0
moz,2010,0.0
moz,2011,0.0
moz,2012,0.0
mrt,2000,0.0
mrt,2001,0.0
mrt,2002,0.0
mrt,2003,0.0
mrt,2004,0.0
mrt,2005,0.0
mrt,2006,0.0
mrt,2007,0.0
mrt,2008,0.0
mrt,2009,0.0
mrt,2010,0.0
mrt,2011,0.0
mrt,2012,0.0
msr,2000,0.0
msr,2001,0.0
msr,2002,0.0
msr,2003,0.0
msr,2004,0.0
msr,2005,0.0
msr,2006,0.0
msr,2007,0.0
msr,2008,0.0
msr,2009,0.0
msr,2010,0.0
msr,2011,0.0
msr,2012,0.0
mtq,2000,0.0
mtq,2001,0.0
mtq,2002,0.0
mtq,2003,0.0
mtq,2004,0.0
mtq,2005,0.0
mtq,2006,0.0
mtq,2007,0.0
mtq,2008,0.0
mtq,2009,0.0
mtq,2010,0.0
mtq,2011,0.0
mtq,2012,0.0
mus,2000,0.0
mus,2001,0.0
mus,2002,0.0
mus,2003,0.0
mus,2004,0.0
mus,2005,0.0
mus,2006,0.0
mus,2007,0.0
mus,2008,0.0
mus,2009,0.0
mus,2010,0.0
mus,2011,0.0
mus,2012,0.0
mwi,2000,0.0
mwi,2001,0.0
mwi,2002,0.0
mwi,2003,0.0
mwi,2004,0.0
mwi,2005,0.0
mwi,2006,0.0
mwi,2007,0.0
mwi,2008,0.0
mwi,2009,0.0
mwi,2010,0.0
mwi,2011,0.0
mwi,2012,0.0
mys,2000,0.0
mys,2001,0.0
mys,2002,0.0
mys,2003,0.0
mys,2004,0.0
mys,2005,0.0
mys,2006,0.0
mys,2007,0.0
mys,2008,0.0
mys,2009,0.0
mys,2010,0.0
mys,2011,0.0
mys,2012,0.0
myt,2000,0.0
myt,2001,0.0
myt,2002,0.0
myt,2003,0.0
myt,2004,0.0
myt,2005,0.0
myt,2006,0.0
myt,2007,0.0
myt,2008,0.0
myt,2009,0.0
myt,2010,0.0
myt,2011,0.0
myt,2012,0.0
nam,2000,0.0
nam,2001,0.0
nam,2002,0.0
nam,2003,0.0
nam,2004,0.0
nam,2005,0.0
nam,2006,0.0
nam,2007,0.0
nam,2008,0.0
nam,2009,0.0
nam,2010,0.0
nam,2011,0.0
nam,2012,0.0
ncl,2000,0.0
ncl,2001,0.0
ncl,2002,0.0
ncl,2003,0.0
ncl,2004,0.0
ncl,2005,0.0
ncl,2006,0.0
ncl,2007,0.0
ncl,2008,0.0
ncl,2009,0.0
ncl,2010,0.0
ncl,2011,0.0
ncl,2012,0.0
ner,2000,0.0
ner,2001,0.0
ner,2002,0.0
ner,2003,0.0
ner,2004,0.0
ner,2005,0.0
ner,2006,0.0
ner,2007,0.0
ner,2008,0.0
ner,2009,0.0
ner,2010,0.0
ner,2011,0.0
ner,2012,0.0
nfk,2000,0.0
nfk,2001,0.0
nfk,2002,0.0
nfk,2003,0.0
nfk,2004,0.0
nfk,2005,0.0
nfk,2006,0.0
nfk,2007,0.0
nfk,2008,0.0
nfk,2009,0.0
nfk,2010,0.0
nfk,2011,0.0
nfk,2012,0.0
nga,2000,0.0
nga,2001,0.0
nga,2002,0.0
nga,2003,0.0
nga,2004,0.0
nga,2005,0.0
nga,2006,0.0
nga,2007,0.0
nga,2008,0.0
nga,2009,0.0
nga,2010,0.0
nga,2011,0.0
nga,2012,0.0
nic,2000,0.0
nic,2001,0.0
nic,2002,0.0
nic,2003,0.0
nic,2004,0.0
nic,2005,0.0
nic,2006,0.0
nic,2007,0.0
nic,2008,0.0
nic,2009,0.0
nic,2010,0.0
nic,2011,0.0
nic,2012,0.0
niu,2000,0.0
niu,2001,0.0
niu,2002,0.0
niu,2003,0.0
niu,2004,0.0
niu,2005,0.0
niu,2006,0.0
niu,2007,0.0
niu,2008,0.0
niu,2009,0.0
niu,2010,0.0
niu,2011,0.0
niu,2012,0.0
nld,2000,0.0
nld,2001,0.0
nld,2002,0.0
nld,2003,0.0
nld,2004,0.0
nld,2005,0.0
nld,2006,0.0
nld,2007,0.0
nld,2008,0.0
nld,2009,0.0
nld,2010,0.0
nld,2011,0.0
nld,2012,0.0
nor,2000,0.0
nor,2001,0.0
nor,2002,0.0
nor,2003,0.0
nor,2004,0.0
nor,2005,0.0
nor,2006,0.0
nor,2007,0.0
nor,2008,0.0
nor,2009,0.0
nor,2010,0.0
nor,2011,0.0
nor,2012,0.0
npl,2000,0.0
npl,2001,0.0
npl,2002,0.0
npl,2003,0.0
npl,2004,0.0
npl,2005,0.0
npl,2006,0.0
npl,2007,0.0
npl,2008,0.0
npl,2009,0.0
npl,2010,0.0
npl,2011,0.0
npl,2012,0.0
nru,2000,0.0
nru,2001,0.0
nru,2002,0.0
nru,2003,0.0
nru,2004,0.0
nru,2005,0.0
nru,2006,0.0
nru,2007,0.0
nru,2008,0.0
nru,2009,0.0
nru,2010,0.0
nru,2011,0.0
nru,2012,0.0
nzl,2000,0.0
nzl,2001,0.0
nzl,2002,0.0
nzl,2003,0.0
nzl,2004,0.0
nzl,2005,0.0
nzl,2006,0.0
nzl,2007,0.0
nzl,2008,0.0
nzl,2009,0.0
nzl,2010,0.0
nzl,2011,0.0
nzl,2012,0.0
omn,2000,0.0
omn,2001,0.0
omn,2002,0.0
omn,2003,0.0
omn,2004,0.0
omn,2005,0.0
omn,2006,0.0
omn,2007,0.0
omn,2008,0.0
omn,2009,0.0
omn,2010,0.0
omn,2011,0.0
omn,2012,0.0
pak,2000,0.0
pak,2001,0.0
pak,2002,0.0
pak,2003,0.0
pak,2004,0.0
pak,2005,0.0
pak,2006,0.0
pak,2007,0.0
pak,2008,0.0
pak,2009,0.0
pak,2010,0.0
pak,2011,0.0
pak,2012,0.0
pan,2000,0.0
pan,2001,0.0
pan,2002,0.0
pan,2003,0.0
pan,2004,0.0
pan,2005,0.0
pan,2006,0.0
pan,2007,0.0
pan,2008,0.0
pan,2009,0.0
pan,2010,0.0
pan,2011,0.0
pan,2012,0.0
pcn,2000,0.0
pcn,2001,0.0
pcn,2002,0.0
pcn,2003,0.0
pcn,2004,0.0
pcn,2005,0.0
pcn,2006,0.0
pcn,2007,0.0
pcn,2008,0.0
pcn,2009,0.0
pcn,2010,0.0
pcn,2011,0.0
pcn,2012,0.0
per,2000,0.0
per,2001,0.0
per,2002,0.0
per,2003,0.0
per,2004,0.0
per,2005,0.0
per,2006,0.0
per,2007,0.0
per,2008,0.0
per,2009,0.0
per,2010,0.0
per,2011,0.0
per,2012,0.0
phl,2000,0.0
phl,2001,0.0
phl,2002,0.0
phl,2003,0.0
phl,2004,0.0
phl,2005,0.0
phl,2006,0.0
phl,2007,0.0
phl,2008,0.0
phl,2009,0.0
phl,2010,0.0
phl,2011,0.0
phl,2012,0.0
plw,2000,0.0
plw,2001,0.0
plw,2002,0.0
plw,2003,0.0
plw,2004,0.0
plw,2005,0.0
plw,2006,0.0
plw,2007,0.0
plw,2008,0.0
plw,2009,0.0
plw,2010,0.0
plw,2011,0.0
plw,2012,0.0
png,2000,0.0
png,2001,0.0
png,2002,0.0
png,2003,0.0
png,2004,0.0
png,2005,0.0
png,2006,0.0
png,2007,0.0
png,2008,0.0
png,2009,0.0
png,2010,0.0
png,2011,0.0
png,2012,0.0
pol,2000,0.0
pol,2001,0.0
pol,2002,0.0
pol,2003,0.0
pol,2004,0.0
pol,2005,0.0
pol,2006,0.0
pol,2007,0.0
pol,2008,0.0
pol,2009,0.0
pol,2010,0.0
pol,2011,0.0
pol,2012,0.0
pri,2000,0.0
pri,2001,0.0
pri,2002,0.0
pri,2003,0.0
pri,2004,0.0
pri,2005,0.0
pri,2006,0.0
pri,2007,0.0
pri,2008,0.0
pri,2009,0.0
pri,2010,0.0
pri,2011,0.0
pri,2012,0.0
prk,2000,0.0
prk,2001,0.0
prk,2002,0.0
prk,2003,0.0
prk,2004,0.0
prk,2005,0.0
prk,2006,0.0
prk,2007,0.0
prk,2008,0.0
prk,2009,0.0
prk,2010,0.0
prk,2011,0.0
prk,2012,0.0
prt,2000,0.0
prt,2001,0.0
prt,2002,0.0
prt,2003,0.0
prt,2004,0.0
prt,2005,0.0
prt,2006,0.0
prt,2007,0.0
prt,2008,0.0
prt,2009,0.0
prt,2010,0.0
prt,2011,0.0
prt,2012,0.0
pry,2000,0.0
pry,2001,0.0
pry,2002,0.0
pry,2003,0.0
pry,2004,0.0
pry,2005,0.0
pry,2006,0.0
pry,2007,0.0
pry,2008,0.0
pry,2009,0.0
pry,2010,0.0
pry,2011,0.0
pry,2012,0.0
pse,2000,0.0
pse,2001,0.0
pse,2002,0.0
pse,2003,0.0
pse,2004,0.0
pse,2005,0.0
pse,2006,0.0
pse,2007,0.0
pse,2008,0.0
pse,2009,0.0
pse,2010,0.0
pse,2011,0.0
pse,2012,0.0
pyf,2000,0.0
pyf,2001,0.0
pyf,2002,0.0
pyf,2003,0.0
pyf,2004,0.0
pyf,2005,0.0
pyf,2006,0.0
pyf,2007,0.0
pyf,2008,0.0
pyf,2009,0.0
pyf,2010,0.0
pyf,2011,0.0
pyf,2012,0.0
qat,2000,0.0
qat,2001,0.0
qat,2002,0.0
qat,2003,0.0
qat,2004,0.0
qat,2005,0.0
qat,2006,0.0
qat,2007,0.0
qat,2008,0.0
qat,2009,0.0
qat,2010,0.0
qat,2011,0.0
qat,2012,0.0
reu,2000,0.0
reu,2001,0.0
reu,2002,0.0
reu,2003,0.0
reu,2004,0.0
reu,2005,0.0
reu,2006,0.0
reu,2007,0.0
reu,2008,0.0
reu,2009,0.0
reu,2010,0.0
reu,2011,0.0
reu,2012,0.0
rou,2000,0.0
rou,2001,0.0
rou,2002,0.0
rou,2003,0.0
rou,2004,0.0
rou,2005,0.0
rou,2006,0.0
rou,2007,0.0
rou,2008,0.0
rou,2009,0.0
rou,2010,0.0
rou,2011,0.0
rou,2012,0.0
rus,2000,0.0
rus,2001,0.0
rus,2002,0.0
rus,2003,0.0
rus,2004,0.0
rus,2005,0.0
rus,2006,0.0
rus,2007,0.0
rus,2008,0.0
rus,2009,0.0
rus,2010,0.0
rus,2011,0.0
rus,2012,0.0
rwa,2000,0.0
rwa,2001,0.0
rwa,2002,0.0
rwa,2003,0.0
rwa,2004,0.0
rwa,2005,0.0
rwa,2006,0.0
rwa,2007,0.0
rwa,2008,0.0
rwa,2009,0.0
rwa,2010,0.0
rwa,2011,0.0
rwa,2012,0.0
sau,2000,0.0
sau,2001,0.0
sau,2002,0.0
sau,2003,0.0
sau,2004,0.0
sau,2005,0.0
sau,2006,0.0
sau,2007,0.0
sau,2008,0.0
sau,2009,0.0
sau,2010,0.0
sau,2011,0.0
sau,2012,0.0
sdn,2000,0.0
sdn,2001,0.0
sdn,2002,0.0
sdn,2003,0.0
sdn,2004,0.0
sdn,2005,0.0
sdn,2006,0.0
sdn,2007,0.0
sdn,2008,0.0
sdn,2009,0.0
sdn,2010,0.0
sdn,2011,0.0
sdn,2012,0.0
sen,2000,0.0
sen,2001,0.0
sen,2002,0.0
sen,2003,0.0
sen,2004,0.0
sen,2005,0.0
sen,2006,0.0
sen,2007,0.0
sen,2008,0.0
sen,2009,0.0
sen,2010,0.0
sen,2011,0.0
sen,2012,0.0
sgp,2000,0.0
sgp,2001,0.0
sgp,2002,0.0
sgp,2003,0.0
sgp,2004,0.0
sgp,2005,0.0
sgp,2006,0.0
sgp,2007,0.0
sgp,2008,0.0
sgp,2009,0.0
sgp,2010,0.0
sgp,2011,0.0
sgp,2012,0.0
shn,2000,0.0
shn,2001,0.0
shn,2002,0.0
shn,2003,0.0
shn,2004,0.0
shn,2005,0.0
shn,2006,0.0
shn,2007,0.0
shn,2008,0.0
shn,2009,0.0
shn,2010,0.0
shn,2011,0.0
shn,2012,0.0
sjm,2000,0.0
sjm,2001,0.0
sjm,2002,0.0
sjm,2003,0.0
sjm,2004,0.0
sjm,2005,0.0
sjm,2006,0.0
sjm,2007,0.0
sjm,2008,0.0
sjm,2009,0.0
sjm,2010,0.0
sjm,2011,0.0
sjm,2012,0.0
slb,2000,0.0
slb,2001,0.0
slb,2002,0.0
slb,2003,0.0
slb,2004,0.0
slb,2005,0.0
slb,2006,0.0
slb,2007,0.0
slb,2008,0.0
slb,2009,0.0
slb,2010,0.0
slb,2011,0.0
slb,2012,0.0
sle,2000,0.0
sle,2001,0.0
sle,2002,0.0
sle,2003,0.0
sle,2004,0.0
sle,2005,0.0
sle,2006,0.0
sle,2007,0.0
sle,2008,0.0
sle,2009,0.0
sle,2010,0.0
sle,2011,0.0
sle,2012,0.0
slv,2000,0.0
slv,2001,0.0
slv,2002,0.0
slv,2003,0.0
slv,2004,0.0
slv,2005,0.0
slv,2006,0.0
slv,2007,0.0
slv,2008,0.0
slv,2009,0.0
slv,2010,0.0
slv,2011,0.0
slv,2012,0.0
smr,2000,0.0
smr,2001,0.0
smr,2002,0.0
smr,2003,0.0
smr,2004,0.0
smr,2005,0.0
smr,2006,0.0
smr,2007,0.0
smr,2008,0.0
smr,2009,0.0
smr,2010,0.0
smr,2011,0.0
smr,2012,0.0
som,2000,0.0
som,2001,0.0
som,2002,0.0
som,2003,0.0
som,2004,0.0
som,2005,0.0
som,2006,0.0
som,2007,0.0
som,2008,0.0
som,2009,0.0
som,2010,0.0
som,2011,0.0
som,2012,0.0
spm,2000,0.0
spm,2001,0.0
spm,2002,0.0
spm,2003,0.0
spm,2004,0.0
spm,2005,0.0
spm,2006,0.0
spm,2007,0.0
spm,2008,0.0
spm,2009,0.0
spm,2010,0.0
spm,2011,0.0
spm,2012,0.0
srb,2000,0.0
srb,2001,0.0
srb,2002,0.0
srb,2003,0.0
srb,2004,0.0
srb,2005,0.0
srb,2006,0.0
srb,2007,0.0
srb,2008,0.0
srb,2009,0.0
srb,2010,0.0
srb,2011,0.0
srb,2012,0.0
ssd,2000,0.0
ssd,2001,0.0
ssd,2002,0.0
ssd,2003,0.0
ssd,2004,0.0
ssd,2005,0.0
ssd,2006,0.0
ssd,2007,0.0
ssd,2008,0.0
ssd,2009,0.0
ssd,2010,0.0
ssd,2011,0.0
ssd,2012,0.0
stp,2000,0.0
stp,2001,0.0
stp,2002,0.0
stp,2003,0.0
stp,2004,0.0
stp,2005,0.0
stp,2006,0.0
stp,2007,0.0
stp,2008,0.0
stp,2009,0.0
stp,2010,0.0
stp,2011,0.0
stp,2012,0.0
sur,2000,0.0
sur,2001,0.0
sur,2002,0.0
sur,2003,0.0
sur,2004,0.0
sur,2005,0.0
sur,2006,0.0
sur,2007,0.0
sur,2008,0.0
sur,2009,0.0
sur,2010,0.0
sur,2011,0.0
sur,2012,0.0
svk,2000,0.0
svk,2001,0.0
svk,2002,0.0
svk,2003,0.0
svk,2004,0.0
svk,2005,0.0
svk,2006,0.0
svk,2007,0.0
svk,2008,0.0
svk,2009,0.0
svk,2010,0.0
svk,2011,0.0
svk,2012,0.0
svn,2000,0.0
svn,2001,0.0
svn,2002,0.0
svn,2003,0.0
svn,2004,0.0
svn,2005,0.0
svn,2006,0.0
svn,2007,0.0
svn,2008,0.0
svn,2009,0.0
svn,2010,0.0
svn,2011,0.0
svn,2012,0.0
swe,2000,0.0
swe,2001,0.0
swe,2002,0.0
swe,2003,0.0
swe,2004,0.0
swe,2005,0.0
swe,2006,0.0
swe,2007,0.0
swe,2008,0.0
swe,2009,0.0
swe,2010,0.0
swe,2011,0.0
swe,2012,0.0
swz,2000,0.0
swz,2001,0.0
swz,2002,0.0
swz,2003,0.0
swz,2004,0.0
swz,2005,0.0
swz,2006,0.0
swz,2007,0.0
swz,2008,0.0
swz,2009,0.0
swz,2010,0.0
swz,2011,0.0
swz,2012,0.0
syc,2000,0.0
syc,2001,0.0
syc,2002,0.0
syc,2003,0.0
syc,2004,0.0
syc,2005,0.0
syc,2006,0.0
syc,2007,0.0
syc,2008,0.0
syc,2009,0.0
syc,2010,0.0
syc,2011,0.0
syc,2012,0.0
syr,2000,0.0
syr,2001,0.0
syr,2002,0.0
syr,2003,0.0
syr,2004,0.0
syr,2005,0.0
syr,2006,0.0
syr,2007,0.0
syr,2008,0.0
syr,2009,0.0
syr,2010,0.0
syr,2011,0.0
syr,2012,0.0
tca,2000,0.0
tca,2001,0.0
tca,2002,0.0
tca,2003,0.0
tca,2004,0.0
tca,2005,0.0
tca,2006,0.0
tca,2007,0.0
tca,2008,0.0
tca,2009,0.0
tca,2010,0.0
tca,2011,0.0
tca,2012,0.0
tcd,2000,0.0
tcd,2001,0.0
tcd,2002,0.0
tcd,2003,0.0
tcd,2004,0.0
tcd,2005,0.0
tcd,2006,0.0
tcd,2007,0.0
tcd,2008,0.0
tcd,2009,0.0
tcd,2010,0.0
tcd,2011,0.0
tcd,2012,0.0
tgo,2000,0.0
tgo,2001,0.0
tgo,2002,0.0
tgo,2003,0.0
tgo,2004,0.0
tgo,2005,0.0
tgo,2006,0.0
tgo,2007,0.0
tgo,2008,0.0
tgo,2009,0.0
tgo,2010,0.0
tgo,2011,0.0
tgo,2012,0.0
tha,2000,0.0
tha,2001,0.0
tha,2002,0.0
tha,2003,0.0
tha,2004,0.0
tha,2005,0.0
tha,2006,0.0
tha,2007,0.0
tha,2008,0.0
tha,2009,0.0
tha,2010,0.0
tha,2011,0.0
tha,2012,0.0
tjk,2000,0.0
tjk,2001,0.0
tjk,2002,0.0
tjk,2003,0.0
tjk,2004,0.0
tjk,2005,0.0
tjk,2006,0.0
tjk,2007,0.0
tjk,2008,0.0
tjk,2009,0.0
tjk,2010,0.0
tjk,2011,0.0
tjk,2012,0.0
tkl,2000,0.0
tkl,2001,0.0
tkl,2002,0.0
tkl,2003,0.0
tkl,2004,0.0
tkl,2005,0.0
tkl,2006,0.0
tkl,2007,0.0
tkl,2008,0.0
tkl,2009,0.0
tkl,2010,0.0
tkl,2011,0.0
tkl,2012,0.0
tkm,2000,0.0
tkm,2001,0.0
tkm,2002,0.0
tkm,2003,0.0
tkm,2004,0.0
tkm,2005,0.0
tkm,2006,0.0
tkm,2007,0.0
tkm,2008,0.0
tkm,2009,0.0
tkm,2010,0.0
tkm,2011,0.0
tkm,2012,0.0
tls,2000,0.0
tls,2001,0.0
tls,2002,0.0
tls,2003,0.0
tls,2004,0.0
tls,2005,0.0
tls,2006,0.0
tls,2007,0.0
tls,2008,0.0
tls,2009,0.0
tls,2010,0.0
tls,2011,0.0
tls,2012,0.0
ton,2000,0.0
ton,2001,0.0
ton,2002,0.0
ton,2003,0.0
ton,2004,0.0
ton,2005,0.0
ton,2006,0.0
ton,2007,0.0
ton,2008,0.0
ton,2009,0.0
ton,2010,0.0
ton,2011,0.0
ton,2012,0.0
tto,2000,0.0
tto,2001,0.0
tto,2002,0.0
tto,2003,0.0
tto,2004,0.0
tto,2005,0.0
tto,2006,0.0
tto,2007,0.0
tto,2008,0.0
tto,2009,0.0
tto,2010,0.0
tto,2011,0.0
tto,2012,0.0
tun,2000,0.0
tun,2001,0.0
tun,2002,0.0
tun,2003,0.0
tun,2004,0.0
tun,2005,0.0
tun,2006,0.0
tun,2007,0.0
tun,2008,0.0
tun,2009,0.0
tun,2010,0.0
tun,2011,0.0
tun,2012,0.0
tur,2000,0.0
tur,2001,0.0
tur,2002,0.0
tur,2003,0.0
tur,2004,0.0
tur,2005,0.0
tur,2006,0.0
tur,2007,0.0
tur,2008,0.0
tur,2009,0.0
tur,2010,0.0
tur,2011,0.0
tur,2012,0.0
tuv,2000,0.0
tuv,2001,0.0
tuv,2002,0.0
tuv,2003,0.0
tuv,2004,0.0
tuv,2005,0.0
tuv,2006,0.0
tuv,2007,0.0
tuv,2008,0.0
tuv,2009,0.0
tuv,2010,0.0
tuv,2011,0.0
tuv,2012,0.0
tza,2000,0.0
tza,2001,0.0
tza,2002,0.0
tza,2003,0.0
tza,2004,0.0
tza,2005,0.0
tza,2006,0.0
tza,2007,0.0
tza,2008,0.0
tza,2009,0.0
tza,2010,0.0
tza,2011,0.0
tza,2012,0.0
uga,2000,0.0
uga,2001,0.0
uga,2002,0.0
uga,2003,0.0
uga,2004,0.0
uga,2005,0.0
uga,2006,0.0
uga,2007,0.0
uga,2008,0.0
uga,2009,0.0
uga,2010,0.0
uga,2011,0.0
uga,2012,0.0
ukr,2000,0.0
ukr,2001,0.0
ukr,2002,0.0
ukr,2003,0.0
ukr,2004,0.0
ukr,2005,0.0
ukr,2006,0.0
ukr,2007,0.0
ukr,2008,0.0
ukr,2009,0.0
ukr,2010,0.0
ukr,2011,0.0
ukr,2012,0.0
ury,2000,0.0
ury,2001,0.0
ury,2002,0.0
ury,2003,0.0
ury,2004,0.0
ury,2005,0.0
ury,2006,0.0
ury,2007,0.0
ury,2008,0.0
ury,2009,0.0
ury,2010,0.0
ury,2011,0.0
ury,2012,0.0
usa,2000,7434.0
usa,2001,13067.0
usa,2002,18700.0
usa,2003,19863.0
usa,2004,21027.0
usa,2005,22190.0
usa,2006,23353.0
usa,2007,22532.0
usa,2008,23879.0
usa,2009,25225.0
usa,2010,26572.0
usa,2011,0.0
usa,2012,0.0
uzb,2000,0.0
uzb,2001,0.0
uzb,2002,0.0
uzb,2003,0.0
uzb,2004,0.0
uzb,2005,0.0
uzb,2006,0.0
uzb,2007,0.0
uzb,2008,0.0
uzb,2009,0.0
uzb,2010,0.0
uzb,2011,0.0
uzb,2012,0.0
vat,2000,0.0
vat,2001,0.0
vat,2002,0.0
vat,2003,0.0
vat,2004,0.0
vat,2005,0.0
vat,2006,0.0
vat,2007,0.0
vat,2008,0.0
vat,2009,0.0
vat,2010,0.0
vat,2011,0.0
vat,2012,0.0
vct,2000,0.0
vct,2001,0.0
vct,2002,0.0
vct,2003,0.0
vct,2004,0.0
vct,2005,0.0
vct,2006,0.0
vct,2007,0.0
vct,2008,0.0
vct,2009,0.0
vct,2010,0.0
vct,2011,0.0
vct,2012,0.0
ven,2000,0.0
ven,2001,0.0
ven,2002,0.0
ven,2003,0.0
ven,2004,0.0
ven,2005,0.0
ven,2006,0.0
ven,2007,0.0
ven,2008,0.0
ven,2009,0.0
ven,2010,0.0
ven,2011,0.0
ven,2012,0.0
vgb,2000,0.0
vgb,2001,0.0
vgb,2002,0.0
vgb,2003,0.0
vgb,2004,0.0
vgb,2005,0.0
vgb,2006,0.0
vgb,2007,0.0
vgb,2008,0.0
vgb,2009,0.0
vgb,2010,0.0
vgb,2011,0.0
vgb,2012,0.0
vir,2000,0.0
vir,2001,0.0
vir,2002,0.0
vir,2003,0.0
vir,2004,0.0
vir,2005,0.0
vir,2006,0.0
vir,2007,0.0
vir,2008,0.0
vir,2009,0.0
vir,2010,0.0
vir,2011,0.0
vir,2012,0.0
vnm,2000,0.0
vnm,2001,0.0
vnm,2002,0.0
vnm,2003,0.0
vnm,2004,0.0
vnm,2005,0.0
vnm,2006,0.0
vnm,2007,0.0
vnm,2008,0.0
vnm,2009,0.0
vnm,2010,0.0
vnm,2011,0.0
vnm,2012,0.0
vut,2000,0.0
vut,2001,0.0
vut,2002,0.0
vut,2003,0.0
vut,2004,0.0
vut,2005,0.0
vut,2006,0.0
vut,2007,0.0
vut,2008,0.0
vut,2009,0.0
vut,2010,0.0
vut,2011,0.0
vut,2012,0.0
wlf,2000,0.0
wlf,2001,0.0
wlf,2002,0.0
wlf,2003,0.0
wlf,2004,0.0
wlf,2005,0.0
wlf,2006,0.0
wlf,2007,0.0
wlf,2008,0.0
wlf,2009,0.0
wlf,2010,0.0
wlf,2011,0.0
wlf,2012,0.0
wsm,2000,0.0
wsm,2001,0.0
wsm,2002,0.0
wsm,2003,0.0
wsm,2004,0.0
wsm,2005,0.0
wsm,2006,0.0
wsm,2007,0.0
wsm,2008,0.0
wsm,2009,0.0
wsm,2010,0.0
wsm,2011,0.0
wsm,2012,0.0
yem,2000,0.0
yem,2001,0.0
yem,2002,0.0
yem,2003,0.0
yem,2004,0.0
yem,2005,0.0
yem,2006,0.0
yem,2007,0.0
yem,2008,0.0
yem,2009,0.0
yem,2010,0.0
yem,2011,0.0
yem,2012,0.0
zaf,2000,0.0
zaf,2001,0.0
zaf,2002,0.0
zaf,2003,0.0
zaf,2004,0.0
zaf,2005,0.0
zaf,2006,0.0
zaf,2007,0.0
zaf,2008,0.0
zaf,2009,0.0
zaf,2010,0.0
zaf,2011,0.0
zaf,2012,0.0
zmb,2000,0.0
zmb,2001,0.0
zmb,2002,0.0
zmb,2003,0.0
zmb,2004,0.0
zmb,2005,0.0
zmb,2006,0.0
zmb,2007,0.0
zmb,2008,0.0
zmb,2009,0.0
zmb,2010,0.0
zmb,2011,0.0
zmb,2012,0.0
zwe,2000,0.0
zwe,2001,0.0
zwe,2002,0.0
zwe,2003,0.0
zwe,2004,0.0
zwe,2005,0.0
zwe,2006,0.0
zwe,2007,0.0
zwe,2008,0.0
zwe,2009,0.0
zwe,2010,0.0
zwe,2011,0.0
zwe,2012,0.0
